project,length,accuracy
netty,2,11.23
netty,2,100.0
netty,2,74.6
netty,2,53.33
netty,2,95.32
netty,2,50.51
netty,2,100.0
netty,2,100.0
netty,2,100.0
netty,2,90.02
netty,2,50.71
netty,2,76.73
netty,2,79.49
netty,2,40.0
netty,2,40.0
netty,2,100.0
netty,2,100.0
netty,2,100.0
netty,2,98.18
netty,2,80.95
netty,2,100.0
netty,2,90.48
netty,2,100.0
netty,2,100.0
netty,2,85.71
netty,2,42.86
netty,2,52.6
netty,2,59.13
netty,2,100.0
netty,2,100.0
netty,2,100.0
netty,2,100.0
netty,2,81.58
netty,2,40.0
netty,2,100.0
netty,2,100.0
netty,2,100.0
netty,2,46.15
netty,2,92.89
netty,2,100.0
netty,2,100.0
netty,2,59.8
netty,2,70.0
netty,2,100.0
netty,2,83.33
netty,2,100.0
netty,2,64.84
netty,2,92.31
netty,2,75.56
netty,2,80.0
netty,2,100.0
netty,2,100.0
netty,2,93.33
netty,2,100.0
netty,2,100.0
netty,2,37.61
netty,2,70.91
netty,2,100.0
netty,2,49.58
netty,2,91.38
netty,2,51.97
netty,2,100.0
netty,2,69.7
netty,2,55.56
netty,2,100.0
netty,2,84.93
netty,2,87.18
netty,2,90.48
netty,2,100.0
netty,2,100.0
netty,2,83.33
netty,2,100.0
netty,2,61.67
netty,2,100.0
netty,2,100.0
netty,2,100.0
netty,2,100.0
netty,2,61.9
netty,2,95.59
netty,2,80.0
netty,2,45.5
netty,2,65.45
netty,2,100.0
netty,2,71.11
netty,2,18.47
netty,2,100.0
netty,2,100.0
netty,2,81.29
netty,2,55.88
netty,2,100.0
netty,2,66.67
netty,2,33.33
netty,2,77.78
netty,2,100.0
netty,2,100.0
netty,2,68.89
netty,2,100.0
netty,2,94.29
netty,2,100.0
netty,2,48.92
netty,3,55.56
netty,3,60.4
netty,3,95.5
netty,3,79.77
netty,3,45.87
netty,3,46.32
netty,3,86.32
netty,3,96.93
netty,3,100.0
netty,3,94.66
netty,3,75.53
netty,3,67.65
netty,3,76.92
netty,3,100.0
netty,3,53.25
netty,3,67.03
netty,3,85.71
netty,3,83.33
netty,3,60.44
netty,3,58.76
netty,3,96.97
netty,3,70.64
netty,3,63.64
netty,3,100.0
netty,3,100.0
netty,3,63.89
netty,3,64.53
netty,3,65.26
netty,3,91.11
netty,3,68.42
netty,3,100.0
netty,3,57.14
netty,3,100.0
netty,3,53.94
netty,3,62.2
netty,3,84.47
netty,3,100.0
netty,3,82.22
netty,3,100.0
netty,3,97.22
netty,3,72.22
netty,3,57.14
netty,3,100.0
netty,3,58.33
netty,3,66.67
netty,3,100.0
netty,3,100.0
netty,3,50.36
netty,3,89.27
netty,3,89.39
netty,3,93.33
netty,3,100.0
netty,3,35.28
netty,3,100.0
netty,3,84.62
netty,3,76.62
netty,3,60.44
netty,3,63.33
netty,3,89.68
netty,3,80.22
netty,3,68.37
netty,3,55.83
netty,3,83.33
netty,3,66.67
netty,3,76.67
netty,3,41.76
netty,3,67.56
netty,3,34.62
netty,3,50.8
netty,3,100.0
netty,3,61.82
netty,3,86.21
netty,3,80.88
netty,3,100.0
netty,3,100.0
netty,3,57.14
netty,3,83.64
netty,3,71.75
netty,3,100.0
netty,3,100.0
netty,3,79.7
netty,3,70.56
netty,3,30.77
netty,3,100.0
netty,3,41.03
netty,3,100.0
netty,3,100.0
netty,3,94.51
netty,3,100.0
netty,3,84.85
netty,3,66.67
netty,3,100.0
netty,3,60.32
netty,3,32.14
netty,3,80.0
netty,3,57.77
netty,3,98.55
netty,3,48.72
netty,3,100.0
netty,3,73.98
netty,5,53.1
netty,5,36.57
netty,5,51.05
netty,5,95.6
netty,5,58.13
netty,5,86.32
netty,5,82.46
netty,5,88.33
netty,5,54.04
netty,5,54.04
netty,5,79.52
netty,5,100.0
netty,5,80.69
netty,5,72.9
netty,5,87.19
netty,5,100.0
netty,5,67.14
netty,5,86.45
netty,5,62.06
netty,5,89.23
netty,5,100.0
netty,5,83.33
netty,5,93.33
netty,5,77.27
netty,5,90.0
netty,5,51.68
netty,5,84.9
netty,5,93.68
netty,5,46.81
netty,5,84.62
netty,5,86.99
netty,5,69.57
netty,5,68.71
netty,5,81.77
netty,5,47.06
netty,5,54.41
netty,5,42.76
netty,5,50.0
netty,5,58.86
netty,5,91.61
netty,5,86.89
netty,5,95.45
netty,5,76.36
netty,5,62.97
netty,5,100.0
netty,5,67.86
netty,5,30.0
netty,5,98.1
netty,5,56.73
netty,5,94.76
netty,5,86.27
netty,5,77.94
netty,5,64.44
netty,5,44.87
netty,5,66.14
netty,5,82.68
netty,5,92.38
netty,5,78.63
netty,5,99.01
netty,5,81.67
netty,5,92.45
netty,5,92.31
netty,5,76.7
netty,5,93.12
netty,5,76.67
netty,5,69.74
netty,5,34.46
netty,5,68.41
netty,5,99.6
netty,5,67.37
netty,5,96.14
netty,5,52.54
netty,5,77.27
netty,5,69.57
netty,5,84.8
netty,5,79.2
netty,5,92.01
netty,5,83.24
netty,5,95.95
netty,5,74.05
netty,5,79.69
netty,5,83.33
netty,5,90.91
netty,5,91.7
netty,5,59.06
netty,5,92.16
netty,5,79.84
netty,5,100.0
netty,5,41.85
netty,5,68.95
netty,5,68.86
netty,5,68.1
netty,5,80.14
netty,5,83.37
netty,5,73.5
netty,5,95.77
netty,5,79.78
netty,5,67.66
netty,5,52.07
netty,5,90.3
nomulus,2,100.0
nomulus,2,100.0
nomulus,2,53.85
nomulus,2,100.0
nomulus,2,83.55
nomulus,2,50.0
nomulus,2,80.7
nomulus,2,59.09
nomulus,2,56.36
nomulus,2,63.14
nomulus,2,84.93
nomulus,2,64.13
nomulus,2,66.91
nomulus,2,80.95
nomulus,2,39.39
nomulus,2,92.33
nomulus,2,87.27
nomulus,2,100.0
nomulus,2,100.0
nomulus,2,34.07
nomulus,2,47.63
nomulus,2,100.0
nomulus,2,85.33
nomulus,2,49.09
nomulus,2,59.09
nomulus,2,52.38
nomulus,2,32.28
nomulus,2,64.95
nomulus,2,100.0
nomulus,2,59.36
nomulus,2,90.53
nomulus,2,100.0
nomulus,2,100.0
nomulus,2,99.72
nomulus,2,88.46
nomulus,2,100.0
nomulus,2,100.0
nomulus,2,84.76
nomulus,2,52.48
nomulus,2,66.67
nomulus,2,93.6
nomulus,2,82.79
nomulus,2,48.57
nomulus,2,100.0
nomulus,2,90.87
nomulus,2,100.0
nomulus,2,73.33
nomulus,2,100.0
nomulus,2,100.0
nomulus,2,60.0
nomulus,2,42.14
nomulus,2,47.37
nomulus,2,58.16
nomulus,2,83.67
nomulus,2,64.71
nomulus,2,100.0
nomulus,2,77.02
nomulus,2,40.0
nomulus,2,100.0
nomulus,2,73.33
nomulus,2,100.0
nomulus,2,80.39
nomulus,2,39.56
nomulus,2,100.0
nomulus,2,88.71
nomulus,2,87.83
nomulus,2,87.01
nomulus,2,43.08
nomulus,2,80.0
nomulus,2,100.0
nomulus,2,100.0
nomulus,2,65.87
nomulus,2,80.18
nomulus,2,64.33
nomulus,2,100.0
nomulus,2,71.43
nomulus,2,100.0
nomulus,2,44.59
nomulus,2,69.93
nomulus,2,90.48
nomulus,2,100.0
nomulus,2,94.3
nomulus,2,51.52
nomulus,2,100.0
nomulus,2,46.67
nomulus,2,88.46
nomulus,2,100.0
nomulus,2,86.67
nomulus,2,47.25
nomulus,2,100.0
nomulus,2,60.0
nomulus,2,89.47
nomulus,2,78.21
nomulus,2,45.09
nomulus,2,100.0
nomulus,2,53.33
nomulus,2,75.76
nomulus,2,100.0
nomulus,2,70.0
nomulus,2,100.0
nomulus,3,60.78
nomulus,3,53.91
nomulus,3,60.44
nomulus,3,64.92
nomulus,3,88.1
nomulus,3,85.38
nomulus,3,69.23
nomulus,3,50.25
nomulus,3,77.88
nomulus,3,91.11
nomulus,3,91.33
nomulus,3,89.17
nomulus,3,100.0
nomulus,3,99.72
nomulus,3,55.88
nomulus,3,61.83
nomulus,3,67.49
nomulus,3,84.8
nomulus,3,21.46
nomulus,3,76.25
nomulus,3,100.0
nomulus,3,62.66
nomulus,3,92.21
nomulus,3,100.0
nomulus,3,88.03
nomulus,3,100.0
nomulus,3,100.0
nomulus,3,62.64
nomulus,3,95.56
nomulus,3,94.02
nomulus,3,58.93
nomulus,3,100.0
nomulus,3,100.0
nomulus,3,98.62
nomulus,3,66.67
nomulus,3,100.0
nomulus,3,31.43
nomulus,3,57.14
nomulus,3,97.9
nomulus,3,59.85
nomulus,3,66.04
nomulus,3,78.41
nomulus,3,60.0
nomulus,3,80.95
nomulus,3,84.76
nomulus,3,47.62
nomulus,3,100.0
nomulus,3,93.47
nomulus,3,90.31
nomulus,3,43.98
nomulus,3,97.78
nomulus,3,78.71
nomulus,3,85.23
nomulus,3,100.0
nomulus,3,59.36
nomulus,3,90.33
nomulus,3,76.19
nomulus,3,100.0
nomulus,3,81.92
nomulus,3,63.89
nomulus,3,70.33
nomulus,3,73.33
nomulus,3,43.08
nomulus,3,100.0
nomulus,3,98.42
nomulus,3,47.08
nomulus,3,100.0
nomulus,3,83.09
nomulus,3,91.67
nomulus,3,74.14
nomulus,3,100.0
nomulus,3,75.0
nomulus,3,94.59
nomulus,3,63.33
nomulus,3,57.37
nomulus,3,61.9
nomulus,3,100.0
nomulus,3,45.87
nomulus,3,83.33
nomulus,3,99.8
nomulus,3,51.34
nomulus,3,80.0
nomulus,3,100.0
nomulus,3,97.62
nomulus,3,85.37
nomulus,3,42.51
nomulus,3,49.37
nomulus,3,86.67
nomulus,3,95.01
nomulus,3,71.32
nomulus,3,72.06
nomulus,3,62.8
nomulus,3,87.46
nomulus,3,54.39
nomulus,3,100.0
nomulus,3,30.48
nomulus,3,93.33
nomulus,3,79.08
nomulus,3,53.74
nomulus,3,64.76
nomulus,5,50.33
nomulus,5,48.54
nomulus,5,69.32
nomulus,5,51.24
nomulus,5,74.74
nomulus,5,93.78
nomulus,5,97.35
nomulus,5,85.67
nomulus,5,58.18
nomulus,5,44.81
nomulus,5,87.71
nomulus,5,54.97
nomulus,5,99.5
nomulus,5,90.71
nomulus,5,75.64
nomulus,5,59.65
nomulus,5,74.4
nomulus,5,100.0
nomulus,5,91.43
nomulus,5,98.04
nomulus,5,58.84
nomulus,5,52.16
nomulus,5,87.2
nomulus,5,67.57
nomulus,5,92.73
nomulus,5,77.84
nomulus,5,90.45
nomulus,5,49.91
nomulus,5,92.31
nomulus,5,93.16
nomulus,5,66.54
nomulus,5,78.59
nomulus,5,71.46
nomulus,5,56.52
nomulus,5,76.84
nomulus,5,87.01
nomulus,5,64.71
nomulus,5,75.0
nomulus,5,68.29
nomulus,5,82.13
nomulus,5,91.99
nomulus,5,78.84
nomulus,5,54.46
nomulus,5,96.67
nomulus,5,63.64
nomulus,5,57.58
nomulus,5,98.45
nomulus,5,99.67
nomulus,5,99.89
nomulus,5,57.44
nomulus,5,68.67
nomulus,5,95.4
nomulus,5,72.17
nomulus,5,74.97
nomulus,5,77.07
nomulus,5,64.73
nomulus,5,82.38
nomulus,5,95.56
nomulus,5,66.92
nomulus,5,78.33
nomulus,5,73.64
nomulus,5,72.18
nomulus,5,100.0
nomulus,5,55.72
nomulus,5,82.52
nomulus,5,79.23
nomulus,5,62.99
nomulus,5,67.79
nomulus,5,52.45
nomulus,5,75.97
nomulus,5,76.19
nomulus,5,99.0
nomulus,5,97.97
nomulus,5,93.8
nomulus,5,68.57
nomulus,5,43.13
nomulus,5,94.51
nomulus,5,74.36
nomulus,5,94.55
nomulus,5,53.88
nomulus,5,60.3
nomulus,5,82.71
nomulus,5,74.73
nomulus,5,62.68
nomulus,5,65.85
nomulus,5,95.05
nomulus,5,98.96
nomulus,5,75.4
nomulus,5,58.29
nomulus,5,74.98
nomulus,5,64.44
nomulus,5,92.11
nomulus,5,96.68
nomulus,5,77.6
glide,2,49.17
glide,2,97.89
glide,2,27.94
glide,2,100.0
glide,2,100.0
glide,2,84.69
glide,2,81.77
glide,2,98.58
glide,2,100.0
glide,2,100.0
glide,2,7.96
glide,2,22.22
glide,2,58.99
glide,2,70.0
glide,2,100.0
glide,2,35.79
glide,2,55.0
glide,2,7.41
glide,2,50.0
glide,2,100.0
glide,2,100.0
glide,2,80.95
glide,2,46.43
glide,2,100.0
glide,2,97.22
glide,2,86.67
glide,2,60.61
glide,2,99.26
glide,2,100.0
glide,2,48.35
glide,2,46.67
glide,2,57.35
glide,2,100.0
glide,2,100.0
glide,2,76.19
glide,2,86.67
glide,2,100.0
glide,2,100.0
glide,2,80.95
glide,2,93.46
glide,2,100.0
glide,2,80.95
glide,2,100.0
glide,2,74.27
glide,2,37.21
glide,2,73.08
glide,2,32.93
glide,2,100.0
glide,2,100.0
glide,2,85.45
glide,2,49.67
glide,2,86.71
glide,2,52.57
glide,2,49.64
glide,2,50.0
glide,2,40.52
glide,2,42.86
glide,2,69.57
glide,2,100.0
glide,2,30.91
glide,2,100.0
glide,2,50.0
glide,2,73.33
glide,2,100.0
glide,2,46.67
glide,2,97.7
glide,2,100.0
glide,2,100.0
glide,2,100.0
glide,2,66.67
glide,2,96.81
glide,2,36.0
glide,2,100.0
glide,2,80.3
glide,2,100.0
glide,2,60.0
glide,2,75.1
glide,2,100.0
glide,2,100.0
glide,2,94.6
glide,2,61.02
glide,2,72.6
glide,2,80.16
glide,2,100.0
glide,2,82.14
glide,2,100.0
glide,2,100.0
glide,2,100.0
glide,2,47.62
glide,2,100.0
glide,2,100.0
glide,2,100.0
glide,2,100.0
glide,2,85.05
glide,2,100.0
glide,2,61.0
glide,2,71.32
glide,2,80.0
glide,2,80.0
glide,2,74.73
glide,3,42.74
glide,3,51.43
glide,3,100.0
glide,3,85.19
glide,3,51.96
glide,3,98.5
glide,3,11.99
glide,3,37.78
glide,3,61.82
glide,3,57.14
glide,3,58.66
glide,3,14.02
glide,3,56.04
glide,3,100.0
glide,3,76.92
glide,3,93.33
glide,3,97.44
glide,3,92.59
glide,3,98.72
glide,3,56.14
glide,3,58.34
glide,3,79.53
glide,3,82.14
glide,3,86.67
glide,3,76.19
glide,3,87.69
glide,3,93.33
glide,3,69.7
glide,3,77.39
glide,3,57.98
glide,3,79.05
glide,3,38.56
glide,3,100.0
glide,3,64.37
glide,3,46.68
glide,3,41.88
glide,3,76.35
glide,3,46.78
glide,3,66.67
glide,3,72.1
glide,3,92.34
glide,3,70.0
glide,3,82.14
glide,3,73.33
glide,3,89.53
glide,3,100.0
glide,3,100.0
glide,3,96.97
glide,3,63.3
glide,3,71.11
glide,3,100.0
glide,3,73.33
glide,3,80.43
glide,3,100.0
glide,3,94.74
glide,3,54.11
glide,3,50.34
glide,3,55.13
glide,3,100.0
glide,3,76.19
glide,3,85.9
glide,3,100.0
glide,3,100.0
glide,3,50.82
glide,3,99.47
glide,3,66.67
glide,3,79.05
glide,3,87.18
glide,3,52.78
glide,3,46.52
glide,3,97.09
glide,3,50.34
glide,3,100.0
glide,3,100.0
glide,3,46.4
glide,3,100.0
glide,3,14.22
glide,3,70.56
glide,3,75.48
glide,3,56.32
glide,3,83.33
glide,3,58.2
glide,3,76.92
glide,3,100.0
glide,3,49.16
glide,3,85.04
glide,3,89.13
glide,3,45.88
glide,3,59.92
glide,3,70.0
glide,3,45.45
glide,3,88.1
glide,3,67.27
glide,3,71.43
glide,3,100.0
glide,3,100.0
glide,3,100.0
glide,3,53.61
glide,3,74.26
glide,3,100.0
glide,5,29.88
glide,5,100.0
glide,5,52.4
glide,5,98.59
glide,5,36.75
glide,5,73.15
glide,5,63.06
glide,5,100.0
glide,5,86.76
glide,5,97.5
glide,5,76.11
glide,5,52.7
glide,5,75.66
glide,5,91.03
glide,5,71.35
glide,5,91.46
glide,5,83.25
glide,5,60.79
glide,5,61.65
glide,5,45.4
glide,5,31.37
glide,5,49.65
glide,5,74.55
glide,5,51.98
glide,5,67.65
glide,5,86.67
glide,5,52.72
glide,5,99.28
glide,5,71.14
glide,5,87.62
glide,5,84.21
glide,5,88.91
glide,5,42.72
glide,5,42.0
glide,5,94.51
glide,5,94.51
glide,5,80.53
glide,5,53.98
glide,5,77.17
glide,5,86.61
glide,5,84.97
glide,5,74.24
glide,5,52.34
glide,5,88.3
glide,5,48.73
glide,5,47.67
glide,5,76.72
glide,5,63.64
glide,5,60.54
glide,5,90.53
glide,5,34.97
glide,5,81.4
glide,5,46.42
glide,5,28.9
glide,5,56.38
glide,5,82.05
glide,5,100.0
glide,5,100.0
glide,5,52.04
glide,5,87.6
glide,5,69.73
glide,5,61.25
glide,5,47.5
glide,5,33.0
glide,5,83.98
glide,5,66.68
glide,5,86.74
glide,5,74.26
glide,5,48.0
glide,5,27.5
glide,5,49.33
glide,5,57.61
glide,5,77.78
glide,5,34.61
glide,5,46.49
glide,5,53.23
glide,5,61.72
glide,5,40.28
glide,5,82.65
glide,5,46.1
glide,5,66.17
glide,5,32.97
glide,5,71.12
glide,5,52.32
glide,5,61.91
glide,5,57.89
glide,5,57.04
glide,5,67.0
glide,5,33.71
glide,5,89.58
glide,5,84.67
glide,5,52.5
glide,5,45.16
glide,5,85.31
glide,5,100.0
glide,5,91.18
glide,5,85.45
glide,5,95.0
glide,5,62.07
glide,5,53.18
storm,2,71.43
storm,2,100.0
storm,2,100.0
storm,2,100.0
storm,2,50.95
storm,2,100.0
storm,2,33.33
storm,2,87.42
storm,2,55.56
storm,2,92.33
storm,2,87.72
storm,2,79.74
storm,2,100.0
storm,2,50.0
storm,2,72.54
storm,2,62.96
storm,2,78.26
storm,2,28.57
storm,2,46.67
storm,2,61.9
storm,2,83.52
storm,2,82.22
storm,2,65.38
storm,2,100.0
storm,2,45.05
storm,2,100.0
storm,2,100.0
storm,2,93.75
storm,2,100.0
storm,2,65.17
storm,2,100.0
storm,2,76.19
storm,2,93.75
storm,2,46.44
storm,2,51.38
storm,2,59.05
storm,2,52.98
storm,2,100.0
storm,2,75.24
storm,2,100.0
storm,2,63.87
storm,2,59.05
storm,2,100.0
storm,2,100.0
storm,2,100.0
storm,2,66.67
storm,2,100.0
storm,2,59.12
storm,2,80.0
storm,2,70.59
storm,2,69.12
storm,2,100.0
storm,2,58.88
storm,2,82.86
storm,2,53.85
storm,2,100.0
storm,2,100.0
storm,2,100.0
storm,2,80.0
storm,2,100.0
storm,2,81.67
storm,2,91.3
storm,2,64.51
storm,2,100.0
storm,2,100.0
storm,2,85.9
storm,2,50.0
storm,2,46.67
storm,2,100.0
storm,2,100.0
storm,2,100.0
storm,2,80.0
storm,2,100.0
storm,2,100.0
storm,2,83.33
storm,2,100.0
storm,2,46.43
storm,2,43.94
storm,2,42.86
storm,2,100.0
storm,2,89.22
storm,2,100.0
storm,2,50.78
storm,2,33.33
storm,2,100.0
storm,2,33.33
storm,2,33.33
storm,2,100.0
storm,2,67.5
storm,2,44.52
storm,2,68.43
storm,2,60.0
storm,2,77.78
storm,2,51.95
storm,2,83.89
storm,2,73.63
storm,2,80.0
storm,2,100.0
storm,2,48.91
storm,2,51.52
storm,3,79.05
storm,3,42.17
storm,3,79.78
storm,3,47.87
storm,3,67.84
storm,3,66.67
storm,3,83.33
storm,3,84.62
storm,3,33.33
storm,3,87.67
storm,3,69.23
storm,3,91.35
storm,3,82.63
storm,3,72.59
storm,3,71.7
storm,3,80.62
storm,3,36.11
storm,3,51.52
storm,3,100.0
storm,3,83.64
storm,3,69.23
storm,3,90.0
storm,3,51.43
storm,3,66.67
storm,3,100.0
storm,3,95.35
storm,3,85.2
storm,3,93.95
storm,3,94.87
storm,3,79.79
storm,3,52.35
storm,3,100.0
storm,3,53.16
storm,3,51.22
storm,3,83.33
storm,3,45.51
storm,3,73.33
storm,3,60.0
storm,3,100.0
storm,3,62.06
storm,3,64.17
storm,3,100.0
storm,3,96.36
storm,3,100.0
storm,3,61.41
storm,3,77.14
storm,3,75.44
storm,3,48.43
storm,3,58.33
storm,3,100.0
storm,3,100.0
storm,3,89.29
storm,3,93.23
storm,3,95.27
storm,3,66.03
storm,3,66.67
storm,3,66.67
storm,3,87.62
storm,3,52.56
storm,3,100.0
storm,3,66.67
storm,3,80.95
storm,3,66.67
storm,3,83.33
storm,3,55.56
storm,3,62.82
storm,3,66.67
storm,3,100.0
storm,3,66.67
storm,3,51.85
storm,3,67.97
storm,3,65.24
storm,3,62.77
storm,3,33.33
storm,3,93.95
storm,3,40.0
storm,3,30.0
storm,3,66.67
storm,3,89.08
storm,3,95.61
storm,3,84.29
storm,3,48.4
storm,3,43.68
storm,3,59.05
storm,3,77.89
storm,3,69.93
storm,3,65.6
storm,3,80.88
storm,3,100.0
storm,3,52.67
storm,3,56.67
storm,3,81.82
storm,3,66.67
storm,3,63.64
storm,3,71.43
storm,3,92.38
storm,3,61.44
storm,3,100.0
storm,3,62.56
storm,3,100.0
storm,5,55.59
storm,5,63.5
storm,5,40.0
storm,5,57.14
storm,5,85.71
storm,5,80.0
storm,5,89.33
storm,5,84.42
storm,5,56.56
storm,5,82.01
storm,5,72.63
storm,5,75.0
storm,5,86.23
storm,5,65.5
storm,5,40.0
storm,5,63.33
storm,5,85.63
storm,5,78.83
storm,5,70.7
storm,5,91.21
storm,5,60.0
storm,5,47.07
storm,5,84.62
storm,5,72.62
storm,5,92.31
storm,5,99.29
storm,5,97.8
storm,5,62.6
storm,5,59.03
storm,5,38.85
storm,5,60.0
storm,5,93.59
storm,5,85.56
storm,5,75.63
storm,5,40.0
storm,5,40.0
storm,5,85.29
storm,5,66.67
storm,5,72.73
storm,5,40.0
storm,5,40.0
storm,5,71.43
storm,5,40.0
storm,5,90.48
storm,5,74.46
storm,5,88.57
storm,5,77.78
storm,5,40.0
storm,5,62.11
storm,5,98.93
storm,5,38.1
storm,5,23.81
storm,5,78.48
storm,5,56.55
storm,5,63.22
storm,5,44.32
storm,5,67.33
storm,5,48.52
storm,5,65.57
storm,5,69.47
storm,5,77.94
storm,5,71.0
storm,5,71.24
storm,5,67.31
storm,5,100.0
storm,5,54.8
storm,5,48.42
storm,5,82.06
storm,5,75.44
realm-java,2,100.0
realm-java,2,66.67
realm-java,2,60.0
realm-java,2,100.0
realm-java,2,100.0
realm-java,2,49.09
realm-java,2,100.0
realm-java,2,50.0
realm-java,2,0.0
realm-java,2,51.52
realm-java,2,71.21
realm-java,2,44.03
realm-java,2,100.0
realm-java,2,65.08
realm-java,2,100.0
realm-java,2,77.78
realm-java,2,87.88
realm-java,2,100.0
realm-java,2,100.0
realm-java,2,62.11
realm-java,2,90.0
realm-java,2,77.94
realm-java,2,60.0
realm-java,2,71.75
realm-java,2,100.0
realm-java,2,60.17
realm-java,2,58.97
realm-java,2,58.97
realm-java,2,100.0
realm-java,2,90.0
realm-java,2,49.32
realm-java,2,70.0
realm-java,2,80.88
realm-java,2,81.29
realm-java,2,60.0
realm-java,2,100.0
realm-java,2,57.47
realm-java,2,100.0
realm-java,2,80.0
realm-java,2,52.78
realm-java,2,66.67
realm-java,2,100.0
realm-java,2,38.41
realm-java,2,55.24
realm-java,2,70.0
realm-java,2,100.0
realm-java,2,100.0
realm-java,2,63.89
realm-java,2,90.64
realm-java,2,48.48
realm-java,2,89.17
realm-java,2,46.67
realm-java,2,85.71
realm-java,2,100.0
realm-java,2,41.67
realm-java,2,39.52
realm-java,2,45.45
realm-java,2,100.0
realm-java,2,80.0
realm-java,2,90.98
realm-java,2,100.0
realm-java,2,33.33
realm-java,2,50.0
realm-java,2,80.0
realm-java,2,77.78
realm-java,2,100.0
realm-java,2,75.0
realm-java,2,54.85
realm-java,2,100.0
realm-java,2,100.0
realm-java,2,52.56
realm-java,2,0.0
realm-java,2,98.28
realm-java,2,25.97
realm-java,2,100.0
realm-java,2,70.0
realm-java,2,91.82
realm-java,2,70.0
realm-java,2,100.0
realm-java,2,42.83
realm-java,2,90.48
realm-java,2,73.43
realm-java,2,20.24
realm-java,2,46.67
realm-java,2,60.0
realm-java,2,77.78
realm-java,2,82.68
realm-java,2,100.0
realm-java,2,100.0
realm-java,2,57.33
realm-java,2,50.0
realm-java,2,33.33
realm-java,2,61.14
realm-java,2,37.2
realm-java,2,93.6
realm-java,2,60.41
realm-java,2,64.44
realm-java,2,100.0
realm-java,2,100.0
realm-java,2,100.0
realm-java,3,72.73
realm-java,3,70.0
realm-java,3,85.88
realm-java,3,51.05
realm-java,3,71.43
realm-java,3,74.55
realm-java,3,100.0
realm-java,3,70.0
realm-java,3,100.0
realm-java,3,58.97
realm-java,3,59.47
realm-java,3,53.57
realm-java,3,100.0
realm-java,3,82.22
realm-java,3,53.62
realm-java,3,66.67
realm-java,3,66.3
realm-java,3,94.81
realm-java,3,59.31
realm-java,3,71.43
realm-java,3,78.23
realm-java,3,53.33
realm-java,3,84.98
realm-java,3,63.81
realm-java,3,94.92
realm-java,3,54.13
realm-java,3,27.28
realm-java,3,83.3
realm-java,3,69.93
realm-java,3,58.39
realm-java,3,70.0
realm-java,3,86.36
realm-java,3,84.85
realm-java,3,100.0
realm-java,3,57.96
realm-java,3,76.19
realm-java,3,100.0
realm-java,3,71.11
realm-java,3,91.58
realm-java,3,86.32
realm-java,3,77.78
realm-java,3,90.48
realm-java,3,83.33
realm-java,3,65.21
realm-java,3,58.17
realm-java,3,89.29
realm-java,3,79.64
realm-java,3,96.43
realm-java,3,66.67
realm-java,3,55.56
realm-java,3,80.0
realm-java,3,98.06
realm-java,3,55.63
realm-java,3,100.0
realm-java,3,70.83
realm-java,3,94.9
realm-java,3,45.52
realm-java,3,100.0
realm-java,3,88.97
realm-java,3,59.24
realm-java,3,68.89
realm-java,3,47.64
realm-java,3,92.86
realm-java,3,74.75
realm-java,3,43.36
realm-java,3,71.43
realm-java,3,50.34
realm-java,3,100.0
realm-java,3,57.62
realm-java,3,58.33
realm-java,3,43.1
realm-java,3,89.87
realm-java,3,48.24
realm-java,3,89.39
realm-java,3,100.0
realm-java,3,100.0
realm-java,3,77.95
realm-java,3,74.17
realm-java,3,66.67
realm-java,3,47.79
realm-java,3,69.17
realm-java,3,81.82
realm-java,3,47.95
realm-java,3,100.0
realm-java,3,83.5
realm-java,3,57.58
realm-java,3,66.67
realm-java,3,99.47
realm-java,3,88.54
realm-java,3,100.0
realm-java,3,83.33
realm-java,3,92.86
realm-java,3,54.55
realm-java,3,78.1
realm-java,3,100.0
realm-java,3,39.52
realm-java,3,83.33
realm-java,3,89.3
realm-java,3,63.16
realm-java,3,47.04
realm-java,5,82.73
realm-java,5,55.24
realm-java,5,80.31
realm-java,5,63.65
realm-java,5,80.56
realm-java,5,69.23
realm-java,5,92.73
realm-java,5,82.33
realm-java,5,72.65
realm-java,5,43.94
realm-java,5,94.88
realm-java,5,93.94
realm-java,5,74.34
realm-java,5,70.32
realm-java,5,77.64
realm-java,5,57.58
realm-java,5,80.95
realm-java,5,65.08
realm-java,5,95.51
realm-java,5,52.46
realm-java,5,87.48
realm-java,5,40.0
realm-java,5,62.93
realm-java,5,87.62
realm-java,5,85.71
realm-java,5,68.44
realm-java,5,96.43
realm-java,5,91.36
realm-java,5,89.0
realm-java,5,83.33
realm-java,5,71.46
realm-java,5,84.21
realm-java,5,80.9
realm-java,5,80.56
realm-java,5,90.75
realm-java,5,80.77
realm-java,5,86.2
realm-java,5,76.47
realm-java,5,82.54
realm-java,5,75.64
realm-java,5,64.33
realm-java,5,60.39
realm-java,5,46.67
realm-java,5,74.17
realm-java,5,74.51
realm-java,5,72.86
realm-java,5,58.18
realm-java,5,73.55
realm-java,5,90.0
realm-java,5,65.83
realm-java,5,83.81
realm-java,5,63.78
realm-java,5,86.23
realm-java,5,77.68
realm-java,5,75.79
realm-java,5,88.85
realm-java,5,70.75
realm-java,5,56.36
realm-java,5,65.12
realm-java,5,42.29
realm-java,5,100.0
realm-java,5,79.56
realm-java,5,77.12
realm-java,5,71.38
realm-java,5,84.42
realm-java,5,57.13
realm-java,5,54.73
realm-java,5,81.18
realm-java,5,80.95
realm-java,5,86.3
realm-java,5,61.67
realm-java,5,64.94
realm-java,5,80.56
realm-java,5,85.71
realm-java,5,81.17
realm-java,5,39.11
realm-java,5,92.6
realm-java,5,70.57
realm-java,5,66.14
realm-java,5,71.93
realm-java,5,82.35
realm-java,5,55.42
realm-java,5,45.25
realm-java,5,65.38
realm-java,5,79.62
realm-java,5,45.29
realm-java,5,36.47
realm-java,5,92.31
realm-java,5,60.61
realm-java,5,51.34
realm-java,5,79.9
realm-java,5,57.6
realm-java,5,75.77
realm-java,5,73.99
realm-java,5,82.64
realm-java,5,76.84
realm-java,5,85.85
realm-java,5,89.47
realm-java,5,72.22
realm-java,5,87.37
deeplearning4j,2,71.94
deeplearning4j,2,63.33
deeplearning4j,2,66.67
deeplearning4j,2,100.0
deeplearning4j,2,72.92
deeplearning4j,2,82.14
deeplearning4j,2,100.0
deeplearning4j,2,90.28
deeplearning4j,2,73.33
deeplearning4j,2,100.0
deeplearning4j,2,33.33
deeplearning4j,2,100.0
deeplearning4j,2,60.34
deeplearning4j,2,74.49
deeplearning4j,2,100.0
deeplearning4j,2,100.0
deeplearning4j,2,66.67
deeplearning4j,2,66.67
deeplearning4j,2,66.67
deeplearning4j,2,100.0
deeplearning4j,2,100.0
deeplearning4j,2,100.0
deeplearning4j,2,46.43
deeplearning4j,2,74.55
deeplearning4j,2,0.0
deeplearning4j,2,100.0
deeplearning4j,2,100.0
deeplearning4j,2,100.0
deeplearning4j,2,100.0
deeplearning4j,2,100.0
deeplearning4j,2,100.0
deeplearning4j,2,52.38
deeplearning4j,2,66.67
deeplearning4j,2,78.18
deeplearning4j,2,39.56
deeplearning4j,2,83.33
deeplearning4j,2,93.94
deeplearning4j,2,100.0
deeplearning4j,2,66.67
deeplearning4j,2,91.67
deeplearning4j,2,91.67
deeplearning4j,2,58.18
deeplearning4j,2,67.37
deeplearning4j,2,44.92
deeplearning4j,2,57.54
deeplearning4j,2,74.51
deeplearning4j,2,100.0
deeplearning4j,2,56.04
deeplearning4j,2,40.0
deeplearning4j,2,100.0
deeplearning4j,2,100.0
deeplearning4j,2,74.55
deeplearning4j,2,93.35
deeplearning4j,2,80.16
deeplearning4j,2,66.67
deeplearning4j,2,100.0
deeplearning4j,2,75.76
deeplearning4j,2,75.4
deeplearning4j,2,100.0
deeplearning4j,2,100.0
deeplearning4j,2,100.0
deeplearning4j,2,100.0
deeplearning4j,2,100.0
deeplearning4j,2,60.95
deeplearning4j,2,38.1
deeplearning4j,2,53.96
deeplearning4j,2,36.77
deeplearning4j,2,93.77
deeplearning4j,2,100.0
deeplearning4j,2,74.23
deeplearning4j,2,76.19
deeplearning4j,2,47.04
deeplearning4j,2,71.43
deeplearning4j,2,62.45
deeplearning4j,2,91.74
deeplearning4j,2,47.62
deeplearning4j,2,63.81
deeplearning4j,2,26.67
deeplearning4j,2,57.77
deeplearning4j,2,45.43
deeplearning4j,2,57.62
deeplearning4j,2,51.57
deeplearning4j,2,65.0
deeplearning4j,2,66.1
deeplearning4j,2,75.76
deeplearning4j,2,58.33
deeplearning4j,2,75.82
deeplearning4j,2,100.0
deeplearning4j,2,74.99
deeplearning4j,2,61.59
deeplearning4j,2,100.0
deeplearning4j,2,38.01
deeplearning4j,2,64.29
deeplearning4j,2,69.9
deeplearning4j,2,63.53
deeplearning4j,2,66.67
deeplearning4j,2,38.22
deeplearning4j,2,49.83
deeplearning4j,2,55.66
deeplearning4j,2,48.89
deeplearning4j,3,70.15
deeplearning4j,3,78.06
deeplearning4j,3,100.0
deeplearning4j,3,74.84
deeplearning4j,3,71.18
deeplearning4j,3,96.32
deeplearning4j,3,58.18
deeplearning4j,3,80.95
deeplearning4j,3,100.0
deeplearning4j,3,100.0
deeplearning4j,3,59.69
deeplearning4j,3,100.0
deeplearning4j,3,100.0
deeplearning4j,3,91.18
deeplearning4j,3,80.0
deeplearning4j,3,100.0
deeplearning4j,3,54.55
deeplearning4j,3,78.21
deeplearning4j,3,90.0
deeplearning4j,3,100.0
deeplearning4j,3,100.0
deeplearning4j,3,100.0
deeplearning4j,3,60.0
deeplearning4j,3,98.33
deeplearning4j,3,81.16
deeplearning4j,3,90.0
deeplearning4j,3,98.1
deeplearning4j,3,70.0
deeplearning4j,3,100.0
deeplearning4j,3,84.33
deeplearning4j,3,75.66
deeplearning4j,3,62.86
deeplearning4j,3,66.67
deeplearning4j,3,90.11
deeplearning4j,3,78.79
deeplearning4j,3,93.76
deeplearning4j,3,82.86
deeplearning4j,3,66.67
deeplearning4j,3,91.58
deeplearning4j,3,69.2
deeplearning4j,3,80.95
deeplearning4j,3,76.01
deeplearning4j,3,91.38
deeplearning4j,3,100.0
deeplearning4j,3,100.0
deeplearning4j,3,75.65
deeplearning4j,3,100.0
deeplearning4j,3,100.0
deeplearning4j,3,100.0
deeplearning4j,3,60.0
deeplearning4j,3,99.33
deeplearning4j,3,100.0
deeplearning4j,3,100.0
deeplearning4j,3,75.74
deeplearning4j,3,60.0
deeplearning4j,3,80.56
deeplearning4j,3,61.4
deeplearning4j,3,56.41
deeplearning4j,3,61.12
deeplearning4j,3,65.89
deeplearning4j,3,80.22
deeplearning4j,3,69.09
deeplearning4j,3,71.54
deeplearning4j,3,60.51
deeplearning4j,3,47.31
deeplearning4j,3,81.9
deeplearning4j,3,72.22
deeplearning4j,3,17.78
deeplearning4j,3,40.48
deeplearning4j,3,92.65
deeplearning4j,3,58.95
deeplearning4j,3,59.85
deeplearning4j,3,73.33
deeplearning4j,3,74.87
deeplearning4j,3,79.83
deeplearning4j,3,76.19
deeplearning4j,3,66.67
deeplearning4j,3,37.08
deeplearning4j,3,70.59
deeplearning4j,3,59.35
deeplearning4j,3,53.85
deeplearning4j,3,70.84
deeplearning4j,3,41.76
deeplearning4j,3,81.82
deeplearning4j,3,78.23
deeplearning4j,3,75.68
deeplearning4j,3,56.32
deeplearning4j,3,49.25
deeplearning4j,3,57.78
deeplearning4j,3,85.49
deeplearning4j,3,54.44
deeplearning4j,3,94.44
deeplearning4j,3,100.0
deeplearning4j,3,59.09
deeplearning4j,3,78.46
deeplearning4j,3,90.0
deeplearning4j,3,79.12
deeplearning4j,3,67.74
deeplearning4j,3,50.38
deeplearning4j,3,63.64
deeplearning4j,5,64.07
deeplearning4j,5,75.4
deeplearning4j,5,51.89
deeplearning4j,5,93.94
deeplearning4j,5,71.3
deeplearning4j,5,62.15
deeplearning4j,5,90.0
deeplearning4j,5,83.33
deeplearning4j,5,45.71
deeplearning4j,5,87.5
deeplearning4j,5,100.0
deeplearning4j,5,100.0
deeplearning4j,5,72.11
deeplearning4j,5,80.63
deeplearning4j,5,91.0
deeplearning4j,5,47.11
deeplearning4j,5,73.02
deeplearning4j,5,93.38
deeplearning4j,5,96.23
deeplearning4j,5,83.21
deeplearning4j,5,74.4
deeplearning4j,5,92.59
deeplearning4j,5,100.0
deeplearning4j,5,73.08
deeplearning4j,5,100.0
deeplearning4j,5,76.1
deeplearning4j,5,92.31
deeplearning4j,5,100.0
deeplearning4j,5,76.92
deeplearning4j,5,73.05
deeplearning4j,5,51.11
deeplearning4j,5,85.35
deeplearning4j,5,67.53
deeplearning4j,5,55.57
deeplearning4j,5,81.87
deeplearning4j,5,63.98
deeplearning4j,5,94.15
deeplearning4j,5,74.89
deeplearning4j,5,80.7
deeplearning4j,5,81.3
deeplearning4j,5,67.97
deeplearning4j,5,26.47
deeplearning4j,5,55.16
deeplearning4j,5,77.33
deeplearning4j,5,81.78
deeplearning4j,5,82.54
deeplearning4j,5,32.92
deeplearning4j,5,45.48
deeplearning4j,5,42.91
deeplearning4j,5,58.75
deeplearning4j,5,68.33
deeplearning4j,5,73.22
deeplearning4j,5,84.56
deeplearning4j,5,71.41
deeplearning4j,5,48.96
deeplearning4j,5,46.84
deeplearning4j,5,64.33
deeplearning4j,5,71.0
deeplearning4j,5,48.68
deeplearning4j,5,69.11
deeplearning4j,5,68.73
deeplearning4j,5,82.17
deeplearning4j,5,47.27
deeplearning4j,5,58.06
deeplearning4j,5,76.9
deeplearning4j,5,41.01
deeplearning4j,5,60.92
deeplearning4j,5,79.43
deeplearning4j,5,76.91
deeplearning4j,5,54.96
deeplearning4j,5,45.28
deeplearning4j,5,66.81
deeplearning4j,5,46.64
deeplearning4j,5,52.35
elasticsearch,2,100.0
elasticsearch,2,78.57
elasticsearch,2,95.3
elasticsearch,2,86.07
elasticsearch,2,82.34
elasticsearch,2,45.45
elasticsearch,2,40.0
elasticsearch,2,100.0
elasticsearch,2,100.0
elasticsearch,2,100.0
elasticsearch,2,100.0
elasticsearch,2,67.27
elasticsearch,2,60.0
elasticsearch,2,100.0
elasticsearch,2,28.14
elasticsearch,2,92.62
elasticsearch,2,50.0
elasticsearch,2,100.0
elasticsearch,2,33.33
elasticsearch,2,100.0
elasticsearch,2,0.0
elasticsearch,2,100.0
elasticsearch,2,100.0
elasticsearch,2,33.33
elasticsearch,2,33.33
elasticsearch,2,100.0
elasticsearch,2,57.14
elasticsearch,2,46.67
elasticsearch,2,0.0
elasticsearch,2,100.0
elasticsearch,2,93.35
elasticsearch,2,58.09
elasticsearch,2,100.0
elasticsearch,2,85.71
elasticsearch,2,52.38
elasticsearch,2,38.58
elasticsearch,2,69.12
elasticsearch,2,85.51
elasticsearch,2,51.72
elasticsearch,2,37.12
elasticsearch,2,65.54
elasticsearch,2,47.62
elasticsearch,2,50.0
elasticsearch,2,0.0
elasticsearch,2,100.0
elasticsearch,2,100.0
elasticsearch,2,100.0
elasticsearch,2,76.19
elasticsearch,2,46.67
elasticsearch,2,95.32
elasticsearch,2,100.0
elasticsearch,2,94.87
elasticsearch,2,73.33
elasticsearch,2,84.85
elasticsearch,2,100.0
elasticsearch,2,83.33
elasticsearch,2,50.1
elasticsearch,2,78.32
elasticsearch,2,79.0
elasticsearch,2,46.42
elasticsearch,2,70.16
elasticsearch,2,50.4
elasticsearch,2,96.97
elasticsearch,2,76.0
elasticsearch,2,85.45
elasticsearch,2,55.71
elasticsearch,2,57.14
elasticsearch,2,44.6
elasticsearch,2,100.0
elasticsearch,2,59.85
elasticsearch,2,66.67
elasticsearch,2,100.0
elasticsearch,2,83.64
elasticsearch,2,60.44
elasticsearch,2,85.92
elasticsearch,2,46.77
elasticsearch,2,100.0
elasticsearch,2,100.0
elasticsearch,2,46.67
elasticsearch,2,92.86
elasticsearch,2,49.7
elasticsearch,2,100.0
elasticsearch,2,90.0
elasticsearch,2,67.5
elasticsearch,2,51.52
elasticsearch,2,66.78
elasticsearch,2,100.0
elasticsearch,2,0.0
elasticsearch,2,33.33
elasticsearch,2,100.0
elasticsearch,2,100.0
elasticsearch,2,0.0
elasticsearch,2,50.0
elasticsearch,2,34.17
elasticsearch,2,69.84
elasticsearch,2,66.67
elasticsearch,2,48.89
elasticsearch,2,37.43
elasticsearch,2,83.33
elasticsearch,2,56.21
elasticsearch,3,67.03
elasticsearch,3,85.09
elasticsearch,3,93.61
elasticsearch,3,84.76
elasticsearch,3,58.18
elasticsearch,3,67.03
elasticsearch,3,76.83
elasticsearch,3,40.67
elasticsearch,3,99.27
elasticsearch,3,100.0
elasticsearch,3,83.33
elasticsearch,3,44.87
elasticsearch,3,61.9
elasticsearch,3,37.68
elasticsearch,3,93.16
elasticsearch,3,99.08
elasticsearch,3,100.0
elasticsearch,3,66.67
elasticsearch,3,66.67
elasticsearch,3,66.67
elasticsearch,3,16.67
elasticsearch,3,20.0
elasticsearch,3,67.86
elasticsearch,3,40.0
elasticsearch,3,100.0
elasticsearch,3,76.78
elasticsearch,3,33.81
elasticsearch,3,82.22
elasticsearch,3,71.79
elasticsearch,3,53.28
elasticsearch,3,87.62
elasticsearch,3,46.19
elasticsearch,3,88.89
elasticsearch,3,57.14
elasticsearch,3,95.45
elasticsearch,3,69.23
elasticsearch,3,70.0
elasticsearch,3,72.73
elasticsearch,3,50.0
elasticsearch,3,45.83
elasticsearch,3,86.22
elasticsearch,3,100.0
elasticsearch,3,80.0
elasticsearch,3,59.5
elasticsearch,3,46.97
elasticsearch,3,100.0
elasticsearch,3,63.64
elasticsearch,3,82.39
elasticsearch,3,100.0
elasticsearch,3,100.0
elasticsearch,3,16.67
elasticsearch,3,100.0
elasticsearch,3,83.33
elasticsearch,3,89.72
elasticsearch,3,100.0
elasticsearch,3,83.33
elasticsearch,3,100.0
elasticsearch,3,73.33
elasticsearch,3,52.17
elasticsearch,3,100.0
elasticsearch,3,79.08
elasticsearch,3,55.67
elasticsearch,3,54.29
elasticsearch,3,64.41
elasticsearch,3,88.33
elasticsearch,3,34.45
elasticsearch,3,71.43
elasticsearch,3,79.48
elasticsearch,3,43.68
elasticsearch,3,74.37
elasticsearch,3,50.0
elasticsearch,3,100.0
elasticsearch,3,60.0
elasticsearch,3,100.0
elasticsearch,3,80.0
elasticsearch,3,70.0
elasticsearch,3,80.56
elasticsearch,3,100.0
elasticsearch,3,57.78
elasticsearch,3,100.0
elasticsearch,3,100.0
elasticsearch,3,85.2
elasticsearch,3,83.0
elasticsearch,3,41.67
elasticsearch,3,69.52
elasticsearch,3,100.0
elasticsearch,3,74.29
elasticsearch,3,100.0
elasticsearch,3,43.35
elasticsearch,3,78.57
elasticsearch,3,41.82
elasticsearch,3,100.0
elasticsearch,3,100.0
elasticsearch,3,57.14
elasticsearch,3,95.24
elasticsearch,3,60.0
elasticsearch,3,57.65
elasticsearch,3,55.71
elasticsearch,3,50.5
elasticsearch,3,58.79
elasticsearch,5,75.27
elasticsearch,5,60.19
elasticsearch,5,87.0
elasticsearch,5,49.86
elasticsearch,5,97.82
elasticsearch,5,66.67
elasticsearch,5,64.71
elasticsearch,5,51.85
elasticsearch,5,93.14
elasticsearch,5,61.9
elasticsearch,5,80.0
elasticsearch,5,57.14
elasticsearch,5,74.24
elasticsearch,5,50.55
elasticsearch,5,79.6
elasticsearch,5,41.93
elasticsearch,5,70.0
elasticsearch,5,85.24
elasticsearch,5,72.73
elasticsearch,5,54.94
elasticsearch,5,57.14
elasticsearch,5,85.57
elasticsearch,5,72.1
elasticsearch,5,67.39
elasticsearch,5,70.83
elasticsearch,5,71.02
elasticsearch,5,92.86
elasticsearch,5,79.05
elasticsearch,5,57.14
elasticsearch,5,87.49
elasticsearch,5,96.43
elasticsearch,5,96.1
elasticsearch,5,88.5
elasticsearch,5,99.16
elasticsearch,5,65.4
elasticsearch,5,71.0
elasticsearch,5,54.12
elasticsearch,5,53.03
elasticsearch,5,75.62
elasticsearch,5,82.14
elasticsearch,5,71.43
elasticsearch,5,66.67
elasticsearch,5,94.55
elasticsearch,5,60.61
elasticsearch,5,88.57
elasticsearch,5,86.75
elasticsearch,5,41.51
elasticsearch,5,75.0
elasticsearch,5,78.26
elasticsearch,5,49.38
elasticsearch,5,69.85
elasticsearch,5,95.61
elasticsearch,5,86.67
elasticsearch,5,92.73
elasticsearch,5,66.23
elasticsearch,5,52.02
elasticsearch,5,55.74
elasticsearch,5,98.86
elasticsearch,5,85.71
elasticsearch,5,65.38
elasticsearch,5,98.72
elasticsearch,5,66.28
elasticsearch,5,62.12
elasticsearch,5,94.51
elasticsearch,5,92.86
elasticsearch,5,64.09
elasticsearch,5,48.22
elasticsearch,5,74.92
elasticsearch,5,58.82
elasticsearch,5,62.37
elasticsearch,5,63.65
elasticsearch,5,62.79
elasticsearch,5,90.91
elasticsearch,5,41.1
elasticsearch,5,83.04
elasticsearch,5,65.8
elasticsearch,5,44.27
elasticsearch,5,62.82
elasticsearch,5,100.0
elasticsearch,5,83.33
elasticsearch,5,60.26
elasticsearch,5,54.95
elasticsearch,5,71.74
elasticsearch,5,85.57
elasticsearch,5,86.88
elasticsearch,5,93.85
elasticsearch,5,87.27
elasticsearch,5,92.07
elasticsearch,5,74.51
elasticsearch,5,58.39
elasticsearch,5,60.32
elasticsearch,5,60.95
elasticsearch,5,74.71
elasticsearch,5,85.71
elasticsearch,5,85.8
elasticsearch,5,71.98
elasticsearch,5,57.02
elasticsearch,5,60.1
elasticsearch,5,93.94
elasticsearch,5,72.47
rocketmq,2,66.67
rocketmq,2,70.0
rocketmq,2,90.48
rocketmq,2,72.12
rocketmq,2,100.0
rocketmq,2,100.0
rocketmq,2,100.0
rocketmq,2,54.29
rocketmq,2,39.29
rocketmq,2,100.0
rocketmq,2,63.08
rocketmq,2,33.33
rocketmq,2,68.42
rocketmq,2,46.43
rocketmq,2,100.0
rocketmq,2,58.8
rocketmq,2,85.51
rocketmq,2,59.56
rocketmq,2,63.38
rocketmq,2,73.33
rocketmq,2,86.5
rocketmq,2,0.0
rocketmq,2,40.0
rocketmq,2,100.0
rocketmq,2,29.09
rocketmq,2,58.18
rocketmq,2,100.0
rocketmq,2,61.23
rocketmq,2,40.68
rocketmq,2,48.0
rocketmq,2,100.0
rocketmq,2,71.3
rocketmq,2,60.14
rocketmq,2,46.15
rocketmq,2,100.0
rocketmq,2,100.0
rocketmq,2,100.0
rocketmq,2,64.29
rocketmq,2,43.59
rocketmq,2,38.46
rocketmq,2,100.0
rocketmq,2,83.16
rocketmq,2,70.0
rocketmq,2,71.43
rocketmq,2,66.67
rocketmq,2,81.01
rocketmq,2,23.65
rocketmq,2,50.0
rocketmq,2,52.9
rocketmq,2,56.92
rocketmq,2,56.92
rocketmq,2,0.0
rocketmq,2,48.0
rocketmq,2,100.0
rocketmq,2,100.0
rocketmq,2,53.57
rocketmq,2,100.0
rocketmq,2,91.53
rocketmq,2,100.0
rocketmq,2,90.0
rocketmq,2,100.0
rocketmq,2,100.0
rocketmq,2,92.31
rocketmq,2,85.71
rocketmq,2,100.0
rocketmq,2,56.46
rocketmq,2,70.0
rocketmq,2,100.0
rocketmq,2,30.58
rocketmq,2,98.67
rocketmq,2,100.0
rocketmq,2,56.46
rocketmq,2,70.0
rocketmq,2,100.0
rocketmq,2,30.58
rocketmq,2,95.46
rocketmq,2,70.0
rocketmq,2,69.99
rocketmq,2,21.37
rocketmq,2,83.33
rocketmq,2,80.0
rocketmq,2,100.0
rocketmq,2,66.67
rocketmq,2,100.0
rocketmq,2,48.05
rocketmq,2,100.0
rocketmq,2,60.0
rocketmq,2,58.39
rocketmq,2,47.62
rocketmq,2,46.97
rocketmq,2,64.44
rocketmq,2,87.62
rocketmq,2,67.53
rocketmq,2,68.89
rocketmq,2,0.0
rocketmq,2,100.0
rocketmq,2,56.36
rocketmq,2,79.49
rocketmq,2,90.53
rocketmq,2,100.0
rocketmq,3,100.0
rocketmq,3,71.43
rocketmq,3,99.57
rocketmq,3,73.45
rocketmq,3,100.0
rocketmq,3,100.0
rocketmq,3,72.73
rocketmq,3,100.0
rocketmq,3,40.46
rocketmq,3,60.0
rocketmq,3,66.38
rocketmq,3,100.0
rocketmq,3,42.99
rocketmq,3,75.49
rocketmq,3,52.25
rocketmq,3,85.71
rocketmq,3,90.0
rocketmq,3,100.0
rocketmq,3,40.91
rocketmq,3,40.0
rocketmq,3,58.59
rocketmq,3,51.85
rocketmq,3,78.08
rocketmq,3,65.87
rocketmq,3,42.86
rocketmq,3,97.15
rocketmq,3,43.14
rocketmq,3,77.7
rocketmq,3,78.25
rocketmq,3,85.71
rocketmq,3,80.0
rocketmq,3,43.53
rocketmq,3,45.98
rocketmq,3,59.31
rocketmq,3,74.29
rocketmq,3,65.83
rocketmq,3,71.11
rocketmq,3,92.65
rocketmq,3,51.43
rocketmq,3,70.0
rocketmq,3,70.0
rocketmq,3,95.56
rocketmq,3,93.84
rocketmq,3,93.94
rocketmq,3,59.67
rocketmq,3,100.0
rocketmq,3,70.72
rocketmq,3,93.94
rocketmq,3,59.87
rocketmq,3,100.0
rocketmq,3,70.72
rocketmq,3,84.08
rocketmq,3,80.66
rocketmq,3,90.0
rocketmq,3,91.67
rocketmq,3,100.0
rocketmq,3,41.87
rocketmq,3,79.49
rocketmq,3,52.47
rocketmq,3,75.83
rocketmq,3,79.49
rocketmq,3,52.47
rocketmq,3,84.17
rocketmq,3,100.0
rocketmq,3,80.28
rocketmq,3,97.67
rocketmq,3,91.43
rocketmq,3,57.14
rocketmq,3,83.74
rocketmq,3,90.34
rocketmq,3,100.0
rocketmq,3,86.38
rocketmq,3,63.64
rocketmq,3,51.37
rocketmq,3,79.67
rocketmq,3,90.0
rocketmq,3,76.92
rocketmq,3,97.68
rocketmq,3,37.3
rocketmq,3,56.86
rocketmq,3,99.77
rocketmq,3,74.19
rocketmq,3,64.44
rocketmq,3,100.0
rocketmq,3,42.77
rocketmq,3,25.36
rocketmq,3,36.32
rocketmq,3,71.3
rocketmq,3,66.67
rocketmq,3,51.85
rocketmq,3,34.48
rocketmq,3,67.34
rocketmq,3,100.0
rocketmq,3,92.21
rocketmq,3,66.06
rocketmq,3,47.37
rocketmq,3,87.88
rocketmq,3,89.09
rocketmq,3,75.68
rocketmq,3,40.0
rocketmq,5,48.89
rocketmq,5,92.31
rocketmq,5,72.57
rocketmq,5,92.86
rocketmq,5,93.33
rocketmq,5,59.65
rocketmq,5,78.02
rocketmq,5,73.98
rocketmq,5,80.95
rocketmq,5,87.59
rocketmq,5,48.97
rocketmq,5,40.32
rocketmq,5,87.79
rocketmq,5,49.45
rocketmq,5,39.31
rocketmq,5,22.86
rocketmq,5,85.71
rocketmq,5,62.51
rocketmq,5,37.91
rocketmq,5,100.0
rocketmq,5,70.0
rocketmq,5,58.33
rocketmq,5,81.53
rocketmq,5,65.26
rocketmq,5,61.13
rocketmq,5,36.9
rocketmq,5,87.18
rocketmq,5,66.33
rocketmq,5,66.0
rocketmq,5,78.95
rocketmq,5,57.96
rocketmq,5,75.6
rocketmq,5,88.62
rocketmq,5,95.45
rocketmq,5,65.6
rocketmq,5,58.05
rocketmq,5,38.29
rocketmq,5,81.82
rocketmq,5,65.49
rocketmq,5,55.7
rocketmq,5,77.41
rocketmq,5,74.55
rocketmq,5,63.97
rocketmq,5,78.42
rocketmq,5,83.9
rocketmq,5,80.93
rocketmq,5,44.85
rocketmq,5,71.05
rocketmq,5,41.97
rocketmq,5,85.71
rocketmq,5,80.66
rocketmq,5,52.78
rocketmq,5,65.49
rocketmq,5,38.42
rocketmq,5,80.48
rocketmq,5,77.17
rocketmq,5,99.87
rocketmq,5,88.89
rocketmq,5,58.47
rocketmq,5,72.61
rocketmq,5,82.1
rocketmq,5,45.32
rocketmq,5,95.13
rocketmq,5,63.1
rocketmq,5,80.91
rocketmq,5,63.42
rocketmq,5,62.47
rocketmq,5,92.06
rocketmq,5,77.29
rocketmq,5,85.71
rocketmq,5,65.25
rocketmq,5,63.08
rocketmq,5,49.66
rocketmq,5,67.27
rocketmq,5,65.25
rocketmq,5,90.99
rocketmq,5,75.94
rocketmq,5,48.68
rocketmq,5,78.08
rocketmq,5,90.0
rocketmq,5,42.67
rocketmq,5,49.93
rocketmq,5,50.25
rocketmq,5,91.53
rocketmq,5,81.45
rocketmq,5,91.53
rocketmq,5,80.23
rocketmq,5,57.21
rocketmq,5,86.11
rocketmq,5,75.0
rocketmq,5,90.64
rocketmq,5,31.18
rocketmq,5,75.53
rocketmq,5,75.6
rocketmq,5,74.55
rocketmq,5,47.14
rocketmq,5,66.28
rocketmq,5,74.29
rocketmq,5,76.19
rocketmq,5,65.56
cassandra,2,38.01
cassandra,2,49.67
cassandra,2,51.65
cassandra,2,100.0
cassandra,2,46.67
cassandra,2,83.19
cassandra,2,70.09
cassandra,2,100.0
cassandra,2,57.65
cassandra,2,53.31
cassandra,2,40.0
cassandra,2,48.91
cassandra,2,61.44
cassandra,2,74.85
cassandra,2,50.8
cassandra,2,100.0
cassandra,2,68.51
cassandra,2,100.0
cassandra,2,62.22
cassandra,2,63.89
cassandra,2,100.0
cassandra,2,71.11
cassandra,2,68.0
cassandra,2,100.0
cassandra,2,84.21
cassandra,2,53.33
cassandra,2,80.95
cassandra,2,100.0
cassandra,2,73.33
cassandra,2,100.0
cassandra,2,51.52
cassandra,2,80.0
cassandra,2,70.0
cassandra,2,80.0
cassandra,2,84.62
cassandra,2,80.0
cassandra,2,54.17
cassandra,2,100.0
cassandra,2,33.33
cassandra,2,50.0
cassandra,2,66.67
cassandra,2,93.05
cassandra,2,49.1
cassandra,2,100.0
cassandra,2,95.8
cassandra,2,100.0
cassandra,2,96.3
cassandra,2,64.76
cassandra,2,100.0
cassandra,2,66.47
cassandra,2,54.33
cassandra,2,65.71
cassandra,2,51.52
cassandra,2,50.81
cassandra,2,77.78
cassandra,2,49.09
cassandra,2,100.0
cassandra,2,80.56
cassandra,2,61.0
cassandra,2,84.44
cassandra,2,52.38
cassandra,2,40.0
cassandra,2,66.67
cassandra,2,80.0
cassandra,2,93.33
cassandra,2,68.52
cassandra,2,74.55
cassandra,2,100.0
cassandra,2,91.43
cassandra,2,100.0
cassandra,2,66.33
cassandra,2,66.67
cassandra,2,100.0
cassandra,2,51.33
cassandra,2,53.33
cassandra,2,72.22
cassandra,2,85.9
cassandra,2,66.67
cassandra,2,86.11
cassandra,2,62.45
cassandra,2,63.07
cassandra,2,71.43
cassandra,2,44.44
cassandra,2,66.67
cassandra,2,66.9
cassandra,2,91.11
cassandra,2,100.0
cassandra,2,60.0
cassandra,2,100.0
cassandra,2,80.56
cassandra,2,60.0
cassandra,2,75.0
cassandra,2,40.0
cassandra,2,69.44
cassandra,2,78.57
cassandra,2,71.43
cassandra,2,66.67
cassandra,2,93.12
cassandra,2,53.96
cassandra,2,50.0
cassandra,3,83.79
cassandra,3,66.26
cassandra,3,63.4
cassandra,3,70.0
cassandra,3,77.78
cassandra,3,41.21
cassandra,3,72.22
cassandra,3,59.28
cassandra,3,52.39
cassandra,3,63.79
cassandra,3,67.37
cassandra,3,55.29
cassandra,3,100.0
cassandra,3,59.52
cassandra,3,75.64
cassandra,3,69.44
cassandra,3,68.25
cassandra,3,83.28
cassandra,3,89.86
cassandra,3,85.71
cassandra,3,91.11
cassandra,3,100.0
cassandra,3,55.4
cassandra,3,89.29
cassandra,3,70.33
cassandra,3,83.33
cassandra,3,58.09
cassandra,3,73.33
cassandra,3,55.56
cassandra,3,93.53
cassandra,3,52.83
cassandra,3,92.58
cassandra,3,59.25
cassandra,3,72.06
cassandra,3,76.46
cassandra,3,43.26
cassandra,3,69.0
cassandra,3,54.95
cassandra,3,77.78
cassandra,3,50.75
cassandra,3,85.71
cassandra,3,51.71
cassandra,3,83.96
cassandra,3,55.61
cassandra,3,88.89
cassandra,3,67.41
cassandra,3,67.95
cassandra,3,55.71
cassandra,3,99.17
cassandra,3,77.78
cassandra,3,76.43
cassandra,3,66.67
cassandra,3,87.91
cassandra,3,75.0
cassandra,3,70.0
cassandra,3,86.67
cassandra,3,88.89
cassandra,3,71.18
cassandra,3,55.56
cassandra,3,38.29
cassandra,3,85.79
cassandra,3,84.17
cassandra,3,54.55
cassandra,3,92.86
cassandra,3,61.9
cassandra,3,86.67
cassandra,3,76.56
cassandra,3,86.63
cassandra,3,66.38
cassandra,3,84.85
cassandra,3,65.4
cassandra,3,51.62
cassandra,3,68.89
cassandra,3,53.46
cassandra,3,74.36
cassandra,3,90.0
cassandra,3,88.94
cassandra,3,62.28
cassandra,3,67.32
cassandra,3,83.33
cassandra,3,91.43
cassandra,3,100.0
cassandra,3,71.43
cassandra,3,48.19
cassandra,3,71.79
cassandra,3,88.57
cassandra,3,83.33
cassandra,3,75.82
cassandra,3,51.11
cassandra,3,75.0
cassandra,3,55.56
cassandra,3,68.24
cassandra,3,71.48
cassandra,3,66.67
cassandra,3,80.0
cassandra,3,84.85
cassandra,3,74.73
cassandra,3,41.82
cassandra,3,60.0
cassandra,3,78.57
cassandra,5,72.16
cassandra,5,53.28
cassandra,5,82.61
cassandra,5,87.91
cassandra,5,70.59
cassandra,5,52.61
cassandra,5,58.65
cassandra,5,59.05
cassandra,5,72.01
cassandra,5,76.32
cassandra,5,55.13
cassandra,5,79.77
cassandra,5,94.87
cassandra,5,84.62
cassandra,5,72.47
cassandra,5,82.38
cassandra,5,66.19
cassandra,5,69.23
cassandra,5,43.55
cassandra,5,91.45
cassandra,5,58.71
cassandra,5,51.68
cassandra,5,75.0
cassandra,5,66.26
cassandra,5,91.03
cassandra,5,57.72
cassandra,5,83.7
cassandra,5,64.33
cassandra,5,67.71
cassandra,5,36.98
cassandra,5,90.21
cassandra,5,74.84
cassandra,5,91.05
cassandra,5,70.91
cassandra,5,89.52
cassandra,5,59.58
cassandra,5,70.5
cassandra,5,83.19
cassandra,5,93.12
cassandra,5,87.62
cassandra,5,73.12
cassandra,5,73.02
cassandra,5,68.8
cassandra,5,64.38
cassandra,5,45.02
cassandra,5,93.33
cassandra,5,86.72
cassandra,5,62.22
cassandra,5,78.42
cassandra,5,93.12
cassandra,5,63.65
cassandra,5,62.7
cassandra,5,90.51
cassandra,5,82.86
cassandra,5,50.67
cassandra,5,76.19
cassandra,5,66.05
cassandra,5,78.57
cassandra,5,86.67
cassandra,5,79.17
cassandra,5,75.26
cassandra,5,87.13
cassandra,5,41.59
cassandra,5,70.75
cassandra,5,44.94
cassandra,5,45.02
cassandra,5,67.07
cassandra,5,71.79
cassandra,5,79.05
cassandra,5,63.18
cassandra,5,78.06
cassandra,5,66.38
cassandra,5,76.92
cassandra,5,63.94
cassandra,5,84.01
cassandra,5,89.52
cassandra,5,67.5
cassandra,5,77.46
cassandra,5,78.13
cassandra,5,60.6
cassandra,5,100.0
cassandra,5,79.41
cassandra,5,83.09
cassandra,5,68.38
cassandra,5,76.19
cassandra,5,92.42
cassandra,5,87.35
cassandra,5,80.55
cassandra,5,80.95
cassandra,5,74.75
cassandra,5,72.66
cassandra,5,64.58
cassandra,5,43.88
cassandra,5,67.64
cassandra,5,86.55
cassandra,5,73.0
cassandra,5,59.84
cassandra,5,86.99
cassandra,5,97.88
cassandra,5,50.73
antlr4,2,100.0
antlr4,2,80.0
antlr4,2,64.53
antlr4,2,54.77
antlr4,2,49.21
antlr4,2,68.11
antlr4,2,74.08
antlr4,2,47.43
antlr4,2,80.87
antlr4,2,60.79
antlr4,2,65.66
antlr4,2,100.0
antlr4,2,66.67
antlr4,2,89.29
antlr4,2,98.48
antlr4,2,77.78
antlr4,2,91.86
antlr4,2,100.0
antlr4,2,100.0
antlr4,2,100.0
antlr4,2,100.0
antlr4,2,100.0
antlr4,2,98.46
antlr4,2,39.92
antlr4,2,50.0
antlr4,2,0.0
antlr4,2,44.15
antlr4,2,66.67
antlr4,2,94.85
antlr4,2,69.7
antlr4,2,59.52
antlr4,2,65.15
antlr4,2,60.53
antlr4,2,97.12
antlr4,2,88.59
antlr4,2,59.84
antlr4,2,42.56
antlr4,2,60.0
antlr4,2,100.0
antlr4,2,100.0
antlr4,2,78.79
antlr4,2,82.22
antlr4,2,66.67
antlr4,2,66.67
antlr4,2,100.0
antlr4,2,78.95
antlr4,2,100.0
antlr4,2,21.21
antlr4,2,100.0
antlr4,2,53.85
antlr4,2,100.0
antlr4,2,66.67
antlr4,2,100.0
antlr4,2,80.83
antlr4,2,100.0
antlr4,2,70.27
antlr4,2,100.0
antlr4,2,75.24
antlr4,2,72.32
antlr4,2,98.05
antlr4,2,100.0
antlr4,2,100.0
antlr4,2,73.33
antlr4,2,80.54
antlr4,2,69.44
antlr4,2,36.62
antlr4,2,70.0
antlr4,2,85.54
antlr4,2,100.0
antlr4,2,55.56
antlr4,2,57.58
antlr4,2,80.0
antlr4,2,34.0
antlr4,2,61.82
antlr4,2,73.33
antlr4,2,100.0
antlr4,2,100.0
antlr4,2,93.0
antlr4,2,60.96
antlr4,2,100.0
antlr4,2,100.0
antlr4,2,21.33
antlr4,2,90.91
antlr4,2,87.88
antlr4,2,94.12
antlr4,2,73.63
antlr4,2,80.79
antlr4,2,55.56
antlr4,2,100.0
antlr4,2,100.0
antlr4,2,100.0
antlr4,2,54.5
antlr4,2,76.19
antlr4,2,48.48
antlr4,2,66.01
antlr4,2,47.62
antlr4,2,70.0
antlr4,2,78.57
antlr4,2,90.0
antlr4,2,69.7
antlr4,3,74.24
antlr4,3,83.19
antlr4,3,38.1
antlr4,3,86.81
antlr4,3,66.67
antlr4,3,64.67
antlr4,3,78.55
antlr4,3,71.52
antlr4,3,66.97
antlr4,3,52.38
antlr4,3,67.03
antlr4,3,77.78
antlr4,3,92.5
antlr4,3,100.0
antlr4,3,76.19
antlr4,3,92.34
antlr4,3,100.0
antlr4,3,50.0
antlr4,3,78.79
antlr4,3,64.44
antlr4,3,45.3
antlr4,3,70.0
antlr4,3,60.0
antlr4,3,44.1
antlr4,3,73.33
antlr4,3,94.92
antlr4,3,66.67
antlr4,3,73.12
antlr4,3,64.1
antlr4,3,72.83
antlr4,3,50.56
antlr4,3,94.56
antlr4,3,61.34
antlr4,3,84.21
antlr4,3,45.47
antlr4,3,68.18
antlr4,3,78.18
antlr4,3,100.0
antlr4,3,89.58
antlr4,3,60.31
antlr4,3,100.0
antlr4,3,23.85
antlr4,3,76.47
antlr4,3,85.77
antlr4,3,88.89
antlr4,3,86.77
antlr4,3,79.49
antlr4,3,100.0
antlr4,3,100.0
antlr4,3,55.56
antlr4,3,57.14
antlr4,3,77.3
antlr4,3,56.16
antlr4,3,80.0
antlr4,3,89.39
antlr4,3,65.62
antlr4,3,89.29
antlr4,3,56.27
antlr4,3,54.17
antlr4,3,65.67
antlr4,3,69.8
antlr4,3,97.35
antlr4,3,80.0
antlr4,3,70.12
antlr4,3,83.16
antlr4,3,75.76
antlr4,3,60.8
antlr4,3,47.46
antlr4,3,71.45
antlr4,3,92.89
antlr4,3,100.0
antlr4,3,41.27
antlr4,3,94.44
antlr4,3,50.57
antlr4,3,59.05
antlr4,3,64.48
antlr4,3,59.69
antlr4,3,73.86
antlr4,3,50.0
antlr4,3,54.41
antlr4,3,45.8
antlr4,3,56.51
antlr4,3,67.07
antlr4,3,58.36
antlr4,3,63.76
antlr4,3,58.4
antlr4,3,72.86
antlr4,3,76.47
antlr4,3,44.79
antlr4,3,44.4
antlr4,3,60.42
antlr4,3,66.67
antlr4,3,69.54
antlr4,3,100.0
antlr4,3,74.27
antlr4,3,64.03
antlr4,3,72.31
antlr4,3,69.44
antlr4,3,55.85
antlr4,3,48.53
antlr4,5,45.96
antlr4,5,83.81
antlr4,5,85.79
antlr4,5,74.75
antlr4,5,93.33
antlr4,5,31.19
antlr4,5,78.06
antlr4,5,82.61
antlr4,5,88.24
antlr4,5,67.95
antlr4,5,70.45
antlr4,5,75.43
antlr4,5,80.0
antlr4,5,92.65
antlr4,5,70.82
antlr4,5,61.49
antlr4,5,72.04
antlr4,5,91.14
antlr4,5,90.11
antlr4,5,63.61
antlr4,5,54.95
antlr4,5,60.92
antlr4,5,81.3
antlr4,5,33.8
antlr4,5,69.87
antlr4,5,72.92
antlr4,5,79.72
antlr4,5,80.48
antlr4,5,66.93
antlr4,5,47.62
antlr4,5,70.24
antlr4,5,60.42
antlr4,5,78.18
antlr4,5,56.47
antlr4,5,52.03
antlr4,5,55.78
antlr4,5,71.03
antlr4,5,65.65
antlr4,5,64.94
antlr4,5,74.96
antlr4,5,85.04
antlr4,5,71.9
antlr4,5,68.66
antlr4,5,71.31
antlr4,5,95.56
antlr4,5,88.42
antlr4,5,93.33
antlr4,5,84.97
antlr4,5,93.41
antlr4,5,83.33
antlr4,5,78.79
antlr4,5,74.36
antlr4,5,60.59
antlr4,5,78.21
antlr4,5,66.1
antlr4,5,51.13
antlr4,5,97.8
antlr4,5,66.89
antlr4,5,86.11
antlr4,5,75.49
antlr4,5,63.86
antlr4,5,78.06
antlr4,5,91.67
antlr4,5,69.66
antlr4,5,55.17
antlr4,5,61.67
antlr4,5,74.27
antlr4,5,89.67
antlr4,5,78.33
antlr4,5,69.18
antlr4,5,100.0
antlr4,5,63.4
antlr4,5,56.03
antlr4,5,79.09
antlr4,5,79.63
antlr4,5,94.19
antlr4,5,80.0
antlr4,5,60.14
antlr4,5,79.05
antlr4,5,57.23
antlr4,5,57.19
antlr4,5,93.11
antlr4,5,52.5
antlr4,5,100.0
antlr4,5,60.84
antlr4,5,77.21
antlr4,5,88.89
antlr4,5,42.69
antlr4,5,79.89
antlr4,5,55.71
antlr4,5,74.01
antlr4,5,66.84
antlr4,5,100.0
antlr4,5,77.49
antlr4,5,64.82
antlr4,5,89.13
antlr4,5,72.52
antlr4,5,72.06
antlr4,5,55.73
antlr4,5,50.0