project,method,length,accuracy
netty,All,2,91.67
netty,All,2,95.0
netty,All,2,75.24
netty,All,2,51.34
netty,All,2,61.11
netty,All,2,46.15
netty,All,2,53.33
netty,All,2,61.54
netty,All,2,47.37
netty,All,2,81.04
netty,All,2,50.51
netty,All,2,93.55
netty,All,2,33.33
netty,All,2,75.0
netty,All,2,75.0
netty,All,2,50.0
netty,All,2,77.78
netty,All,2,51.52
netty,All,2,78.61
netty,All,2,49.93
netty,All,2,49.02
netty,All,2,61.6
netty,All,2,78.55
netty,All,2,47.37
netty,All,2,61.54
netty,All,2,42.86
netty,All,2,60.0
netty,All,2,81.82
netty,All,2,81.82
netty,All,2,71.43
netty,All,2,71.43
netty,All,2,71.43
netty,All,2,80.0
netty,All,2,80.0
netty,All,2,50.0
netty,All,2,67.27
netty,All,2,52.38
netty,All,2,52.38
netty,All,2,64.44
netty,All,2,77.78
netty,All,2,60.0
netty,All,2,58.1
netty,All,2,71.79
netty,All,2,33.33
netty,All,2,0.0
netty,All,2,75.0
netty,All,2,53.33
netty,All,2,46.43
netty,All,2,46.97
netty,All,2,75.0
netty,All,2,94.5
netty,All,2,73.66
netty,All,2,57.59
netty,All,2,54.57
netty,All,2,91.67
netty,All,2,0.0
netty,All,2,0.0
netty,All,2,33.33
netty,All,2,33.33
netty,All,2,84.62
netty,All,2,48.31
netty,All,2,55.79
netty,All,2,46.67
netty,All,2,46.67
netty,All,2,33.33
netty,All,2,0.0
netty,All,2,33.33
netty,All,2,0.0
netty,All,2,0.0
netty,All,2,80.0
netty,All,2,53.85
netty,All,2,60.0
netty,All,2,97.56
netty,All,2,97.56
netty,All,2,57.14
netty,All,2,57.14
netty,All,2,33.33
netty,All,2,52.38
netty,All,2,91.67
netty,All,2,49.06
netty,All,2,49.58
netty,All,2,87.5
netty,All,2,60.0
netty,All,2,53.85
netty,All,2,67.27
netty,All,2,33.33
netty,All,2,33.33
netty,All,2,33.33
netty,All,2,73.63
netty,All,2,52.94
netty,All,2,46.15
netty,All,2,53.33
netty,All,2,57.14
netty,All,2,46.67
netty,All,2,46.67
netty,All,2,46.67
netty,All,2,56.04
netty,All,2,61.54
netty,All,2,40.0
netty,All,2,33.33
netty,File,2,11.96
netty,File,2,18.46
netty,File,2,27.62
netty,File,2,52.58
netty,File,2,44.18
netty,File,2,58.24
netty,File,2,55.56
netty,File,2,50.0
netty,File,2,57.31
netty,File,2,22.35
netty,File,2,52.08
netty,File,2,12.68
netty,File,2,66.67
netty,File,2,57.14
netty,File,2,57.14
netty,File,2,100.0
netty,File,2,25.0
netty,File,2,50.0
netty,File,2,22.1
netty,File,2,52.18
netty,File,2,49.02
netty,File,2,39.81
netty,File,2,27.01
netty,File,2,47.37
netty,File,2,57.69
netty,File,2,76.19
netty,File,2,70.0
netty,File,2,34.55
netty,File,2,40.0
netty,File,2,71.43
netty,File,2,71.43
netty,File,2,57.14
netty,File,2,55.56
netty,File,2,55.56
netty,File,2,66.67
netty,File,2,32.73
netty,File,2,95.24
netty,File,2,100.0
netty,File,2,55.56
netty,File,2,44.44
netty,File,2,100.0
netty,File,2,56.19
netty,File,2,41.03
netty,File,2,100.0
netty,File,2,100.0
netty,File,2,100.0
netty,File,2,100.0
netty,File,2,85.71
netty,File,2,93.94
netty,File,2,100.0
netty,File,2,6.42
netty,File,2,27.28
netty,File,2,48.76
netty,File,2,55.53
netty,File,2,52.17
netty,File,2,100.0
netty,File,2,100.0
netty,File,2,66.67
netty,File,2,66.67
netty,File,2,34.62
netty,File,2,84.31
netty,File,2,92.11
netty,File,2,66.67
netty,File,2,46.67
netty,File,2,33.33
netty,File,2,100.0
netty,File,2,66.67
netty,File,2,100.0
netty,File,2,100.0
netty,File,2,100.0
netty,File,2,100.0
netty,File,2,100.0
netty,File,2,4.97
netty,File,2,4.91
netty,File,2,96.43
netty,File,2,100.0
netty,File,2,83.33
netty,File,2,95.24
netty,File,2,52.17
netty,File,2,65.34
netty,File,2,68.24
netty,File,2,35.83
netty,File,2,70.0
netty,File,2,66.67
netty,File,2,56.36
netty,File,2,83.33
netty,File,2,100.0
netty,File,2,66.67
netty,File,2,61.54
netty,File,2,67.32
netty,File,2,80.77
netty,File,2,93.33
netty,File,2,67.86
netty,File,2,75.56
netty,File,2,80.0
netty,File,2,100.0
netty,File,2,74.73
netty,File,2,70.51
netty,File,2,90.0
netty,File,2,66.67
netty,SmartCommit,2,11.23
netty,SmartCommit,2,82.05
netty,SmartCommit,2,100.0
netty,SmartCommit,2,51.34
netty,SmartCommit,2,74.6
netty,SmartCommit,2,56.04
netty,SmartCommit,2,53.33
netty,SmartCommit,2,100.0
netty,SmartCommit,2,95.32
netty,SmartCommit,2,82.93
netty,SmartCommit,2,50.51
netty,SmartCommit,2,100.0
netty,SmartCommit,2,100.0
netty,SmartCommit,2,100.0
netty,SmartCommit,2,100.0
netty,SmartCommit,2,100.0
netty,SmartCommit,2,100.0
netty,SmartCommit,2,100.0
netty,SmartCommit,2,90.02
netty,SmartCommit,2,53.85
netty,SmartCommit,2,50.71
netty,SmartCommit,2,62.68
netty,SmartCommit,2,76.73
netty,SmartCommit,2,47.89
netty,SmartCommit,2,79.49
netty,SmartCommit,2,85.71
netty,SmartCommit,2,40.0
netty,SmartCommit,2,40.0
netty,SmartCommit,2,40.0
netty,SmartCommit,2,100.0
netty,SmartCommit,2,71.43
netty,SmartCommit,2,100.0
netty,SmartCommit,2,100.0
netty,SmartCommit,2,100.0
netty,SmartCommit,2,100.0
netty,SmartCommit,2,98.18
netty,SmartCommit,2,71.43
netty,SmartCommit,2,80.95
netty,SmartCommit,2,100.0
netty,SmartCommit,2,100.0
netty,SmartCommit,2,100.0
netty,SmartCommit,2,90.48
netty,SmartCommit,2,87.18
netty,SmartCommit,2,100.0
netty,SmartCommit,2,100.0
netty,SmartCommit,2,100.0
netty,SmartCommit,2,53.33
netty,SmartCommit,2,85.71
netty,SmartCommit,2,69.7
netty,SmartCommit,2,42.86
netty,SmartCommit,2,52.6
netty,SmartCommit,2,53.7
netty,SmartCommit,2,59.13
netty,SmartCommit,2,51.98
netty,SmartCommit,2,100.0
netty,SmartCommit,2,100.0
netty,SmartCommit,2,100.0
netty,SmartCommit,2,100.0
netty,SmartCommit,2,100.0
netty,SmartCommit,2,100.0
netty,SmartCommit,2,48.62
netty,SmartCommit,2,81.58
netty,SmartCommit,2,100.0
netty,SmartCommit,2,40.0
netty,SmartCommit,2,100.0
netty,SmartCommit,2,100.0
netty,SmartCommit,2,100.0
netty,SmartCommit,2,100.0
netty,SmartCommit,2,100.0
netty,SmartCommit,2,68.89
netty,SmartCommit,2,46.15
netty,SmartCommit,2,100.0
netty,SmartCommit,2,92.89
netty,SmartCommit,2,92.83
netty,SmartCommit,2,100.0
netty,SmartCommit,2,100.0
netty,SmartCommit,2,100.0
netty,SmartCommit,2,100.0
netty,SmartCommit,2,100.0
netty,SmartCommit,2,58.47
netty,SmartCommit,2,49.58
netty,SmartCommit,2,70.0
netty,SmartCommit,2,100.0
netty,SmartCommit,2,100.0
netty,SmartCommit,2,81.82
netty,SmartCommit,2,83.33
netty,SmartCommit,2,100.0
netty,SmartCommit,2,100.0
netty,SmartCommit,2,64.84
netty,SmartCommit,2,79.08
netty,SmartCommit,2,92.31
netty,SmartCommit,2,86.67
netty,SmartCommit,2,71.43
netty,SmartCommit,2,75.56
netty,SmartCommit,2,80.0
netty,SmartCommit,2,80.0
netty,SmartCommit,2,96.7
netty,SmartCommit,2,100.0
netty,SmartCommit,2,100.0
netty,SmartCommit,2,100.0
nomulus,All,2,84.62
nomulus,All,2,55.88
nomulus,All,2,98.99
nomulus,All,2,0.0
nomulus,All,2,60.0
nomulus,All,2,53.85
nomulus,All,2,80.0
nomulus,All,2,60.0
nomulus,All,2,72.0
nomulus,All,2,90.91
nomulus,All,2,83.33
nomulus,All,2,48.19
nomulus,All,2,50.48
nomulus,All,2,48.54
nomulus,All,2,83.33
nomulus,All,2,83.33
nomulus,All,2,63.37
nomulus,All,2,81.82
nomulus,All,2,69.7
nomulus,All,2,94.74
nomulus,All,2,50.03
nomulus,All,2,96.77
nomulus,All,2,0.0
nomulus,All,2,75.4
nomulus,All,2,56.16
nomulus,All,2,69.12
nomulus,All,2,40.0
nomulus,All,2,42.86
nomulus,All,2,60.0
nomulus,All,2,83.33
nomulus,All,2,52.69
nomulus,All,2,66.67
nomulus,All,2,44.44
nomulus,All,2,45.45
nomulus,All,2,50.0
nomulus,All,2,61.54
nomulus,All,2,42.86
nomulus,All,2,79.68
nomulus,All,2,83.87
nomulus,All,2,67.5
nomulus,All,2,85.71
nomulus,All,2,50.0
nomulus,All,2,87.54
nomulus,All,2,73.02
nomulus,All,2,64.44
nomulus,All,2,92.0
nomulus,All,2,60.0
nomulus,All,2,49.09
nomulus,All,2,61.11
nomulus,All,2,69.7
nomulus,All,2,56.04
nomulus,All,2,42.86
nomulus,All,2,92.78
nomulus,All,2,82.93
nomulus,All,2,64.44
nomulus,All,2,81.94
nomulus,All,2,42.86
nomulus,All,2,60.0
nomulus,All,2,88.24
nomulus,All,2,89.12
nomulus,All,2,58.71
nomulus,All,2,57.39
nomulus,All,2,73.16
nomulus,All,2,89.49
nomulus,All,2,85.06
nomulus,All,2,69.12
nomulus,All,2,69.12
nomulus,All,2,85.06
nomulus,All,2,64.65
nomulus,All,2,61.54
nomulus,All,2,42.86
nomulus,All,2,46.67
nomulus,All,2,46.67
nomulus,All,2,60.0
nomulus,All,2,66.67
nomulus,All,2,52.38
nomulus,All,2,56.44
nomulus,All,2,62.64
nomulus,All,2,92.11
nomulus,All,2,42.86
nomulus,All,2,50.0
nomulus,All,2,92.86
nomulus,All,2,86.7
nomulus,All,2,94.03
nomulus,All,2,96.92
nomulus,All,2,93.94
nomulus,All,2,83.87
nomulus,All,2,50.0
nomulus,All,2,95.24
nomulus,All,2,95.24
nomulus,All,2,57.14
nomulus,All,2,92.12
nomulus,All,2,97.22
nomulus,All,2,33.33
nomulus,All,2,33.33
nomulus,All,2,46.67
nomulus,All,2,60.0
nomulus,All,2,66.67
nomulus,All,2,45.45
nomulus,All,2,57.14
nomulus,File,2,74.36
nomulus,File,2,80.15
nomulus,File,2,42.85
nomulus,File,2,100.0
nomulus,File,2,70.0
nomulus,File,2,73.08
nomulus,File,2,60.0
nomulus,File,2,70.0
nomulus,File,2,38.0
nomulus,File,2,20.78
nomulus,File,2,63.64
nomulus,File,2,70.65
nomulus,File,2,61.43
nomulus,File,2,80.12
nomulus,File,2,84.85
nomulus,File,2,43.94
nomulus,File,2,41.17
nomulus,File,2,18.18
nomulus,File,2,31.82
nomulus,File,2,11.28
nomulus,File,2,54.31
nomulus,File,2,14.49
nomulus,File,2,100.0
nomulus,File,2,39.52
nomulus,File,2,57.98
nomulus,File,2,66.91
nomulus,File,2,86.67
nomulus,File,2,66.67
nomulus,File,2,50.0
nomulus,File,2,45.45
nomulus,File,2,71.4
nomulus,File,2,65.33
nomulus,File,2,75.56
nomulus,File,2,92.73
nomulus,File,2,80.83
nomulus,File,2,66.67
nomulus,File,2,85.71
nomulus,File,2,37.3
nomulus,File,2,33.28
nomulus,File,2,66.67
nomulus,File,2,56.04
nomulus,File,2,50.0
nomulus,File,2,46.47
nomulus,File,2,55.84
nomulus,File,2,71.11
nomulus,File,2,42.33
nomulus,File,2,60.0
nomulus,File,2,67.27
nomulus,File,2,61.11
nomulus,File,2,42.42
nomulus,File,2,54.95
nomulus,File,2,76.19
nomulus,File,2,8.21
nomulus,File,2,18.3
nomulus,File,2,56.35
nomulus,File,2,41.94
nomulus,File,2,61.9
nomulus,File,2,40.0
nomulus,File,2,35.29
nomulus,File,2,26.43
nomulus,File,2,53.4
nomulus,File,2,67.73
nomulus,File,2,70.0
nomulus,File,2,30.93
nomulus,File,2,34.28
nomulus,File,2,36.76
nomulus,File,2,36.03
nomulus,File,2,27.17
nomulus,File,2,44.24
nomulus,File,2,44.87
nomulus,File,2,71.43
nomulus,File,2,60.0
nomulus,File,2,100.0
nomulus,File,2,100.0
nomulus,File,2,33.33
nomulus,File,2,81.9
nomulus,File,2,62.88
nomulus,File,2,44.96
nomulus,File,2,17.73
nomulus,File,2,61.9
nomulus,File,2,66.67
nomulus,File,2,10.05
nomulus,File,2,16.26
nomulus,File,2,16.41
nomulus,File,2,13.8
nomulus,File,2,15.72
nomulus,File,2,25.21
nomulus,File,2,100.0
nomulus,File,2,100.0
nomulus,File,2,100.0
nomulus,File,2,96.43
nomulus,File,2,28.93
nomulus,File,2,24.89
nomulus,File,2,100.0
nomulus,File,2,66.67
nomulus,File,2,53.33
nomulus,File,2,50.0
nomulus,File,2,100.0
nomulus,File,2,83.64
nomulus,File,2,67.86
nomulus,SmartCommit,2,100.0
nomulus,SmartCommit,2,55.88
nomulus,SmartCommit,2,52.78
nomulus,SmartCommit,2,100.0
nomulus,SmartCommit,2,100.0
nomulus,SmartCommit,2,53.85
nomulus,SmartCommit,2,100.0
nomulus,SmartCommit,2,100.0
nomulus,SmartCommit,2,62.0
nomulus,SmartCommit,2,83.55
nomulus,SmartCommit,2,83.33
nomulus,SmartCommit,2,85.87
nomulus,SmartCommit,2,71.9
nomulus,SmartCommit,2,82.46
nomulus,SmartCommit,2,84.85
nomulus,SmartCommit,2,59.09
nomulus,SmartCommit,2,57.08
nomulus,SmartCommit,2,56.36
nomulus,SmartCommit,2,63.64
nomulus,SmartCommit,2,65.19
nomulus,SmartCommit,2,49.5
nomulus,SmartCommit,2,87.94
nomulus,SmartCommit,2,100.0
nomulus,SmartCommit,2,64.13
nomulus,SmartCommit,2,86.77
nomulus,SmartCommit,2,66.91
nomulus,SmartCommit,2,100.0
nomulus,SmartCommit,2,80.95
nomulus,SmartCommit,2,60.0
nomulus,SmartCommit,2,63.64
nomulus,SmartCommit,2,90.75
nomulus,SmartCommit,2,92.33
nomulus,SmartCommit,2,75.56
nomulus,SmartCommit,2,87.27
nomulus,SmartCommit,2,100.0
nomulus,SmartCommit,2,100.0
nomulus,SmartCommit,2,100.0
nomulus,SmartCommit,2,100.0
nomulus,SmartCommit,2,99.66
nomulus,SmartCommit,2,50.0
nomulus,SmartCommit,2,34.07
nomulus,SmartCommit,2,100.0
nomulus,SmartCommit,2,47.44
nomulus,SmartCommit,2,58.75
nomulus,SmartCommit,2,100.0
nomulus,SmartCommit,2,85.33
nomulus,SmartCommit,2,100.0
nomulus,SmartCommit,2,45.45
nomulus,SmartCommit,2,83.33
nomulus,SmartCommit,2,69.7
nomulus,SmartCommit,2,100.0
nomulus,SmartCommit,2,52.38
nomulus,SmartCommit,2,15.56
nomulus,SmartCommit,2,23.26
nomulus,SmartCommit,2,72.06
nomulus,SmartCommit,2,64.95
nomulus,SmartCommit,2,100.0
nomulus,SmartCommit,2,100.0
nomulus,SmartCommit,2,100.0
nomulus,SmartCommit,2,98.21
nomulus,SmartCommit,2,59.36
nomulus,SmartCommit,2,56.14
nomulus,SmartCommit,2,90.53
nomulus,SmartCommit,2,100.0
nomulus,SmartCommit,2,100.0
nomulus,SmartCommit,2,100.0
nomulus,SmartCommit,2,98.53
nomulus,SmartCommit,2,82.08
nomulus,SmartCommit,2,86.57
nomulus,SmartCommit,2,88.46
nomulus,SmartCommit,2,100.0
nomulus,SmartCommit,2,100.0
nomulus,SmartCommit,2,100.0
nomulus,SmartCommit,2,100.0
nomulus,SmartCommit,2,100.0
nomulus,SmartCommit,2,84.76
nomulus,SmartCommit,2,58.33
nomulus,SmartCommit,2,55.82
nomulus,SmartCommit,2,54.65
nomulus,SmartCommit,2,90.48
nomulus,SmartCommit,2,66.67
nomulus,SmartCommit,2,93.12
nomulus,SmartCommit,2,93.6
nomulus,SmartCommit,2,78.23
nomulus,SmartCommit,2,74.86
nomulus,SmartCommit,2,42.05
nomulus,SmartCommit,2,48.57
nomulus,SmartCommit,2,100.0
nomulus,SmartCommit,2,100.0
nomulus,SmartCommit,2,100.0
nomulus,SmartCommit,2,100.0
nomulus,SmartCommit,2,90.87
nomulus,SmartCommit,2,98.62
nomulus,SmartCommit,2,33.33
nomulus,SmartCommit,2,66.67
nomulus,SmartCommit,2,53.33
nomulus,SmartCommit,2,70.0
nomulus,SmartCommit,2,100.0
nomulus,SmartCommit,2,100.0
nomulus,SmartCommit,2,100.0
nomulus,All,5,35.0
nomulus,All,5,28.07
nomulus,All,5,34.82
nomulus,All,5,40.0
nomulus,All,5,38.55
nomulus,All,5,28.49
nomulus,All,5,25.93
nomulus,All,5,22.83
nomulus,All,5,22.83
nomulus,All,5,22.83
nomulus,All,5,34.74
nomulus,All,5,41.97
nomulus,All,5,41.97
nomulus,All,5,47.17
nomulus,All,5,37.14
nomulus,All,5,38.25
nomulus,All,5,34.33
nomulus,All,5,29.0
nomulus,All,5,34.28
nomulus,All,5,31.83
nomulus,All,5,30.78
nomulus,All,5,25.9
nomulus,All,5,26.09
nomulus,All,5,20.44
nomulus,All,5,20.9
nomulus,All,5,38.05
nomulus,All,5,41.7
nomulus,All,5,51.62
nomulus,All,5,39.46
nomulus,All,5,43.74
nomulus,All,5,34.39
nomulus,All,5,50.54
nomulus,All,5,44.42
nomulus,All,5,58.58
nomulus,All,5,43.24
nomulus,All,5,26.45
nomulus,All,5,22.51
nomulus,All,5,23.38
nomulus,All,5,65.68
nomulus,All,5,58.73
nomulus,All,5,47.08
nomulus,All,5,47.83
nomulus,All,5,47.08
nomulus,All,5,43.87
nomulus,All,5,38.24
nomulus,All,5,33.1
nomulus,All,5,63.39
nomulus,All,5,44.21
nomulus,All,5,37.47
nomulus,All,5,42.76
nomulus,All,5,44.81
nomulus,All,5,32.54
nomulus,All,5,41.69
nomulus,All,5,43.42
nomulus,All,5,43.42
nomulus,All,5,32.13
nomulus,All,5,35.43
nomulus,All,5,35.43
nomulus,All,5,43.91
nomulus,All,5,45.42
nomulus,All,5,24.11
nomulus,All,5,17.58
nomulus,All,5,19.17
nomulus,All,5,26.84
nomulus,All,5,34.77
nomulus,All,5,46.59
nomulus,All,5,44.98
nomulus,All,5,45.73
nomulus,All,5,51.34
nomulus,All,5,75.19
nomulus,All,5,51.64
nomulus,All,5,54.2
nomulus,All,5,50.92
nomulus,All,5,53.03
nomulus,All,5,36.37
nomulus,All,5,48.84
nomulus,All,5,49.8
nomulus,All,5,43.92
nomulus,All,5,43.92
nomulus,All,5,73.05
nomulus,All,5,65.57
nomulus,All,5,59.0
nomulus,All,5,86.15
nomulus,All,5,86.15
nomulus,All,5,86.15
nomulus,All,5,88.39
nomulus,All,5,17.78
nomulus,All,5,21.79
nomulus,All,5,20.92
nomulus,All,5,20.92
nomulus,All,5,20.92
nomulus,All,5,20.92
nomulus,All,5,50.61
nomulus,All,5,59.78
nomulus,All,5,46.18
nomulus,All,5,38.99
nomulus,All,5,37.59
nomulus,All,5,30.07
nomulus,All,5,66.01
nomulus,All,5,53.26
nomulus,File,5,82.5
nomulus,File,5,85.96
nomulus,File,5,72.06
nomulus,File,5,67.62
nomulus,File,5,70.13
nomulus,File,5,78.2
nomulus,File,5,79.87
nomulus,File,5,87.84
nomulus,File,5,87.84
nomulus,File,5,86.47
nomulus,File,5,69.7
nomulus,File,5,61.51
nomulus,File,5,61.57
nomulus,File,5,56.85
nomulus,File,5,72.21
nomulus,File,5,71.52
nomulus,File,5,82.67
nomulus,File,5,81.39
nomulus,File,5,81.11
nomulus,File,5,82.32
nomulus,File,5,83.28
nomulus,File,5,86.68
nomulus,File,5,87.34
nomulus,File,5,90.89
nomulus,File,5,92.06
nomulus,File,5,64.71
nomulus,File,5,60.33
nomulus,File,5,59.6
nomulus,File,5,70.57
nomulus,File,5,67.04
nomulus,File,5,82.21
nomulus,File,5,69.59
nomulus,File,5,73.4
nomulus,File,5,64.47
nomulus,File,5,72.83
nomulus,File,5,79.71
nomulus,File,5,83.19
nomulus,File,5,82.46
nomulus,File,5,35.24
nomulus,File,5,42.34
nomulus,File,5,55.11
nomulus,File,5,54.37
nomulus,File,5,55.07
nomulus,File,5,70.08
nomulus,File,5,72.55
nomulus,File,5,74.25
nomulus,File,5,47.7
nomulus,File,5,64.93
nomulus,File,5,70.62
nomulus,File,5,66.49
nomulus,File,5,64.86
nomulus,File,5,79.02
nomulus,File,5,70.68
nomulus,File,5,65.66
nomulus,File,5,65.6
nomulus,File,5,73.58
nomulus,File,5,69.18
nomulus,File,5,69.28
nomulus,File,5,62.22
nomulus,File,5,61.01
nomulus,File,5,80.63
nomulus,File,5,93.41
nomulus,File,5,84.17
nomulus,File,5,91.77
nomulus,File,5,77.19
nomulus,File,5,59.55
nomulus,File,5,60.94
nomulus,File,5,60.29
nomulus,File,5,54.87
nomulus,File,5,32.82
nomulus,File,5,49.93
nomulus,File,5,47.6
nomulus,File,5,54.15
nomulus,File,5,52.23
nomulus,File,5,67.26
nomulus,File,5,56.55
nomulus,File,5,55.68
nomulus,File,5,85.18
nomulus,File,5,85.18
nomulus,File,5,99.91
nomulus,File,5,99.92
nomulus,File,5,56.16
nomulus,File,5,33.54
nomulus,File,5,33.54
nomulus,File,5,33.54
nomulus,File,5,31.7
nomulus,File,5,84.44
nomulus,File,5,91.03
nomulus,File,5,89.54
nomulus,File,5,90.85
nomulus,File,5,91.5
nomulus,File,5,91.5
nomulus,File,5,53.38
nomulus,File,5,44.26
nomulus,File,5,57.0
nomulus,File,5,65.31
nomulus,File,5,66.62
nomulus,File,5,80.43
nomulus,File,5,37.48
nomulus,File,5,49.46
nomulus,SmartCommit,5,70.0
nomulus,SmartCommit,5,48.54
nomulus,SmartCommit,5,39.41
nomulus,SmartCommit,5,43.97
nomulus,SmartCommit,5,82.22
nomulus,SmartCommit,5,69.71
nomulus,SmartCommit,5,69.32
nomulus,SmartCommit,5,91.54
nomulus,SmartCommit,5,91.54
nomulus,SmartCommit,5,89.22
nomulus,SmartCommit,5,75.8
nomulus,SmartCommit,5,51.24
nomulus,SmartCommit,5,51.23
nomulus,SmartCommit,5,52.4
nomulus,SmartCommit,5,74.74
nomulus,SmartCommit,5,85.25
nomulus,SmartCommit,5,83.67
nomulus,SmartCommit,5,83.98
nomulus,SmartCommit,5,92.44
nomulus,SmartCommit,5,93.78
nomulus,SmartCommit,5,91.52
nomulus,SmartCommit,5,93.25
nomulus,SmartCommit,5,95.07
nomulus,SmartCommit,5,96.55
nomulus,SmartCommit,5,97.35
nomulus,SmartCommit,5,69.97
nomulus,SmartCommit,5,66.21
nomulus,SmartCommit,5,90.1
nomulus,SmartCommit,5,84.51
nomulus,SmartCommit,5,83.26
nomulus,SmartCommit,5,75.49
nomulus,SmartCommit,5,69.07
nomulus,SmartCommit,5,73.49
nomulus,SmartCommit,5,65.91
nomulus,SmartCommit,5,58.18
nomulus,SmartCommit,5,81.88
nomulus,SmartCommit,5,74.36
nomulus,SmartCommit,5,77.85
nomulus,SmartCommit,5,39.35
nomulus,SmartCommit,5,44.24
nomulus,SmartCommit,5,51.82
nomulus,SmartCommit,5,53.31
nomulus,SmartCommit,5,54.85
nomulus,SmartCommit,5,81.4
nomulus,SmartCommit,5,87.71
nomulus,SmartCommit,5,77.93
nomulus,SmartCommit,5,97.54
nomulus,SmartCommit,5,69.37
nomulus,SmartCommit,5,60.73
nomulus,SmartCommit,5,54.97
nomulus,SmartCommit,5,52.7
nomulus,SmartCommit,5,84.92
nomulus,SmartCommit,5,98.98
nomulus,SmartCommit,5,99.87
nomulus,SmartCommit,5,99.5
nomulus,SmartCommit,5,85.87
nomulus,SmartCommit,5,72.36
nomulus,SmartCommit,5,72.64
nomulus,SmartCommit,5,90.37
nomulus,SmartCommit,5,90.71
nomulus,SmartCommit,5,96.44
nomulus,SmartCommit,5,100.0
nomulus,SmartCommit,5,83.33
nomulus,SmartCommit,5,93.07
nomulus,SmartCommit,5,75.64
nomulus,SmartCommit,5,66.26
nomulus,SmartCommit,5,67.45
nomulus,SmartCommit,5,67.06
nomulus,SmartCommit,5,61.78
nomulus,SmartCommit,5,59.65
nomulus,SmartCommit,5,95.45
nomulus,SmartCommit,5,95.2
nomulus,SmartCommit,5,91.22
nomulus,SmartCommit,5,85.96
nomulus,SmartCommit,5,74.4
nomulus,SmartCommit,5,62.88
nomulus,SmartCommit,5,62.14
nomulus,SmartCommit,5,89.81
nomulus,SmartCommit,5,89.81
nomulus,SmartCommit,5,100.0
nomulus,SmartCommit,5,80.71
nomulus,SmartCommit,5,61.61
nomulus,SmartCommit,5,91.46
nomulus,SmartCommit,5,91.44
nomulus,SmartCommit,5,91.43
nomulus,SmartCommit,5,98.67
nomulus,SmartCommit,5,80.0
nomulus,SmartCommit,5,91.03
nomulus,SmartCommit,5,95.42
nomulus,SmartCommit,5,98.04
nomulus,SmartCommit,5,97.39
nomulus,SmartCommit,5,97.39
nomulus,SmartCommit,5,54.82
nomulus,SmartCommit,5,44.94
nomulus,SmartCommit,5,58.84
nomulus,SmartCommit,5,60.48
nomulus,SmartCommit,5,61.97
nomulus,SmartCommit,5,66.67
nomulus,SmartCommit,5,70.1
nomulus,SmartCommit,5,52.16
glide,All,2,46.67
glide,All,2,53.62
glide,All,2,66.32
glide,All,2,64.91
glide,All,2,77.94
glide,All,2,33.33
glide,All,2,52.38
glide,All,2,50.55
glide,All,2,80.0
glide,All,2,96.55
glide,All,2,90.34
glide,All,2,89.85
glide,All,2,84.22
glide,All,2,75.4
glide,All,2,69.13
glide,All,2,67.78
glide,All,2,93.33
glide,All,2,33.33
glide,All,2,33.33
glide,All,2,0.0
glide,All,2,0.0
glide,All,2,77.78
glide,All,2,46.67
glide,All,2,57.67
glide,All,2,90.48
glide,All,2,60.0
glide,All,2,42.86
glide,All,2,50.0
glide,All,2,60.0
glide,All,2,66.32
glide,All,2,48.39
glide,All,2,87.5
glide,All,2,0.0
glide,All,2,0.0
glide,All,2,60.0
glide,All,2,81.82
glide,All,2,50.0
glide,All,2,50.0
glide,All,2,0.0
glide,All,2,33.33
glide,All,2,52.38
glide,All,2,44.44
glide,All,2,42.86
glide,All,2,42.86
glide,All,2,50.0
glide,All,2,33.33
glide,All,2,61.11
glide,All,2,53.33
glide,All,2,40.0
glide,All,2,50.0
glide,All,2,83.33
glide,All,2,49.23
glide,All,2,77.94
glide,All,2,33.33
glide,All,2,81.82
glide,All,2,50.0
glide,All,2,47.25
glide,All,2,48.72
glide,All,2,66.67
glide,All,2,88.24
glide,All,2,65.64
glide,All,2,80.48
glide,All,2,46.97
glide,All,2,46.97
glide,All,2,75.0
glide,All,2,66.67
glide,All,2,52.38
glide,All,2,50.0
glide,All,2,40.0
glide,All,2,50.0
glide,All,2,50.0
glide,All,2,63.74
glide,All,2,83.33
glide,All,2,86.67
glide,All,2,53.33
glide,All,2,49.67
glide,All,2,49.67
glide,All,2,61.11
glide,All,2,33.33
glide,All,2,80.0
glide,All,2,48.57
glide,All,2,76.36
glide,All,2,95.0
glide,All,2,60.0
glide,All,2,64.91
glide,All,2,67.23
glide,All,2,93.55
glide,All,2,61.11
glide,All,2,46.15
glide,All,2,45.45
glide,All,2,78.05
glide,All,2,94.59
glide,All,2,80.0
glide,All,2,52.0
glide,All,2,88.24
glide,All,2,66.67
glide,All,2,45.45
glide,All,2,66.9
glide,All,2,50.64
glide,All,2,84.68
glide,File,2,94.17
glide,File,2,83.33
glide,File,2,77.37
glide,File,2,38.01
glide,File,2,27.94
glide,File,2,100.0
glide,File,2,80.95
glide,File,2,64.84
glide,File,2,37.78
glide,File,2,42.35
glide,File,2,46.16
glide,File,2,47.24
glide,File,2,50.56
glide,File,2,37.14
glide,File,2,42.11
glide,File,2,57.94
glide,File,2,42.53
glide,File,2,100.0
glide,File,2,100.0
glide,File,2,100.0
glide,File,2,100.0
glide,File,2,22.22
glide,File,2,70.83
glide,File,2,75.93
glide,File,2,60.0
glide,File,2,70.0
glide,File,2,42.86
glide,File,2,100.0
glide,File,2,100.0
glide,File,2,45.26
glide,File,2,77.63
glide,File,2,100.0
glide,File,2,100.0
glide,File,2,100.0
glide,File,2,50.0
glide,File,2,27.27
glide,File,2,66.67
glide,File,2,66.67
glide,File,2,100.0
glide,File,2,100.0
glide,File,2,100.0
glide,File,2,91.67
glide,File,2,67.86
glide,File,2,85.71
glide,File,2,100.0
glide,File,2,66.67
glide,File,2,97.22
glide,File,2,93.33
glide,File,2,80.0
glide,File,2,100.0
glide,File,2,72.73
glide,File,2,94.46
glide,File,2,99.26
glide,File,2,66.67
glide,File,2,50.91
glide,File,2,70.83
glide,File,2,63.74
glide,File,2,47.44
glide,File,2,73.33
glide,File,2,27.94
glide,File,2,36.02
glide,File,2,22.5
glide,File,2,90.91
glide,File,2,68.18
glide,File,2,46.43
glide,File,2,46.67
glide,File,2,57.14
glide,File,2,66.67
glide,File,2,73.33
glide,File,2,66.67
glide,File,2,100.0
glide,File,2,47.25
glide,File,2,63.64
glide,File,2,59.05
glide,File,2,46.19
glide,File,2,100.0
glide,File,2,92.16
glide,File,2,66.67
glide,File,2,100.0
glide,File,2,80.0
glide,File,2,88.57
glide,File,2,54.55
glide,File,2,43.85
glide,File,2,100.0
glide,File,2,70.76
glide,File,2,44.91
glide,File,2,21.31
glide,File,2,97.22
glide,File,2,93.59
glide,File,2,90.91
glide,File,2,78.05
glide,File,2,94.59
glide,File,2,80.0
glide,File,2,84.0
glide,File,2,64.71
glide,File,2,46.67
glide,File,2,76.36
glide,File,2,84.37
glide,File,2,71.32
glide,File,2,38.29
glide,SmartCommit,2,49.17
glide,SmartCommit,2,53.62
glide,SmartCommit,2,97.89
glide,SmartCommit,2,40.35
glide,SmartCommit,2,27.94
glide,SmartCommit,2,100.0
glide,SmartCommit,2,100.0
glide,SmartCommit,2,100.0
glide,SmartCommit,2,100.0
glide,SmartCommit,2,86.93
glide,SmartCommit,2,84.69
glide,SmartCommit,2,87.22
glide,SmartCommit,2,81.77
glide,SmartCommit,2,98.73
glide,SmartCommit,2,98.58
glide,SmartCommit,2,98.41
glide,SmartCommit,2,100.0
glide,SmartCommit,2,100.0
glide,SmartCommit,2,100.0
glide,SmartCommit,2,100.0
glide,SmartCommit,2,100.0
glide,SmartCommit,2,22.22
glide,SmartCommit,2,60.0
glide,SmartCommit,2,58.99
glide,SmartCommit,2,53.81
glide,SmartCommit,2,70.0
glide,SmartCommit,2,42.86
glide,SmartCommit,2,100.0
glide,SmartCommit,2,100.0
glide,SmartCommit,2,35.79
glide,SmartCommit,2,57.42
glide,SmartCommit,2,55.0
glide,SmartCommit,2,100.0
glide,SmartCommit,2,100.0
glide,SmartCommit,2,50.0
glide,SmartCommit,2,70.91
glide,SmartCommit,2,100.0
glide,SmartCommit,2,100.0
glide,SmartCommit,2,100.0
glide,SmartCommit,2,100.0
glide,SmartCommit,2,80.95
glide,SmartCommit,2,58.33
glide,SmartCommit,2,46.43
glide,SmartCommit,2,100.0
glide,SmartCommit,2,100.0
glide,SmartCommit,2,66.67
glide,SmartCommit,2,97.22
glide,SmartCommit,2,95.56
glide,SmartCommit,2,86.67
glide,SmartCommit,2,100.0
glide,SmartCommit,2,60.61
glide,SmartCommit,2,92.0
glide,SmartCommit,2,99.26
glide,SmartCommit,2,66.67
glide,SmartCommit,2,100.0
glide,SmartCommit,2,50.0
glide,SmartCommit,2,48.35
glide,SmartCommit,2,55.13
glide,SmartCommit,2,46.67
glide,SmartCommit,2,61.76
glide,SmartCommit,2,57.35
glide,SmartCommit,2,68.99
glide,SmartCommit,2,100.0
glide,SmartCommit,2,46.97
glide,SmartCommit,2,100.0
glide,SmartCommit,2,73.33
glide,SmartCommit,2,76.19
glide,SmartCommit,2,100.0
glide,SmartCommit,2,86.67
glide,SmartCommit,2,66.67
glide,SmartCommit,2,100.0
glide,SmartCommit,2,47.25
glide,SmartCommit,2,100.0
glide,SmartCommit,2,61.9
glide,SmartCommit,2,80.95
glide,SmartCommit,2,100.0
glide,SmartCommit,2,93.46
glide,SmartCommit,2,72.22
glide,SmartCommit,2,100.0
glide,SmartCommit,2,55.56
glide,SmartCommit,2,80.95
glide,SmartCommit,2,76.36
glide,SmartCommit,2,100.0
glide,SmartCommit,2,100.0
glide,SmartCommit,2,74.27
glide,SmartCommit,2,53.28
glide,SmartCommit,2,36.17
glide,SmartCommit,2,69.44
glide,SmartCommit,2,73.08
glide,SmartCommit,2,74.55
glide,SmartCommit,2,33.54
glide,SmartCommit,2,71.77
glide,SmartCommit,2,100.0
glide,SmartCommit,2,100.0
glide,SmartCommit,2,100.0
glide,SmartCommit,2,46.67
glide,SmartCommit,2,85.45
glide,SmartCommit,2,66.9
glide,SmartCommit,2,49.67
glide,SmartCommit,2,75.98
antlr4,All,2,0.0
antlr4,All,2,46.67
antlr4,All,2,75.44
antlr4,All,2,58.62
antlr4,All,2,83.4
antlr4,All,2,61.65
antlr4,All,2,55.12
antlr4,All,2,50.99
antlr4,All,2,67.78
antlr4,All,2,91.58
antlr4,All,2,68.1
antlr4,All,2,91.5
antlr4,All,2,85.95
antlr4,All,2,50.2
antlr4,All,2,56.16
antlr4,All,2,49.53
antlr4,All,2,50.82
antlr4,All,2,90.71
antlr4,All,2,97.78
antlr4,All,2,63.66
antlr4,All,2,95.06
antlr4,All,2,40.0
antlr4,All,2,46.67
antlr4,All,2,46.43
antlr4,All,2,57.14
antlr4,All,2,69.7
antlr4,All,2,47.37
antlr4,All,2,66.67
antlr4,All,2,44.44
antlr4,All,2,91.93
antlr4,All,2,95.79
antlr4,All,2,33.33
antlr4,All,2,0.0
antlr4,All,2,33.33
antlr4,All,2,71.43
antlr4,All,2,81.38
antlr4,All,2,49.31
antlr4,All,2,69.58
antlr4,All,2,44.44
antlr4,All,2,46.67
antlr4,All,2,33.33
antlr4,All,2,72.92
antlr4,All,2,71.01
antlr4,All,2,76.28
antlr4,All,2,40.0
antlr4,All,2,50.0
antlr4,All,2,93.45
antlr4,All,2,96.61
antlr4,All,2,40.0
antlr4,All,2,50.0
antlr4,All,2,96.52
antlr4,All,2,98.23
antlr4,All,2,33.33
antlr4,All,2,69.7
antlr4,All,2,52.38
antlr4,All,2,61.9
antlr4,All,2,53.62
antlr4,All,2,51.52
antlr4,All,2,60.0
antlr4,All,2,50.0
antlr4,All,2,60.53
antlr4,All,2,64.91
antlr4,All,2,88.27
antlr4,All,2,53.18
antlr4,All,2,80.12
antlr4,All,2,48.48
antlr4,All,2,48.59
antlr4,All,2,77.29
antlr4,All,2,59.07
antlr4,All,2,95.12
antlr4,All,2,60.0
antlr4,All,2,64.91
antlr4,All,2,0.0
antlr4,All,2,33.33
antlr4,All,2,93.94
antlr4,All,2,46.67
antlr4,All,2,33.33
antlr4,All,2,33.33
antlr4,All,2,50.0
antlr4,All,2,40.0
antlr4,All,2,64.44
antlr4,All,2,51.52
antlr4,All,2,64.91
antlr4,All,2,77.94
antlr4,All,2,33.33
antlr4,All,2,33.33
antlr4,All,2,60.0
antlr4,All,2,53.85
antlr4,All,2,80.0
antlr4,All,2,0.0
antlr4,All,2,33.33
antlr4,All,2,33.33
antlr4,All,2,33.33
antlr4,All,2,46.67
antlr4,All,2,51.52
antlr4,All,2,87.5
antlr4,All,2,90.48
antlr4,All,2,50.76
antlr4,All,2,33.33
antlr4,All,2,57.14
antlr4,File,2,100.0
antlr4,File,2,80.0
antlr4,File,2,31.52
antlr4,File,2,59.85
antlr4,File,2,43.48
antlr4,File,2,44.66
antlr4,File,2,49.31
antlr4,File,2,55.25
antlr4,File,2,50.95
antlr4,File,2,18.85
antlr4,File,2,39.49
antlr4,File,2,19.98
antlr4,File,2,23.77
antlr4,File,2,63.24
antlr4,File,2,68.69
antlr4,File,2,66.89
antlr4,File,2,66.5
antlr4,File,2,28.34
antlr4,File,2,21.19
antlr4,File,2,45.39
antlr4,File,2,16.68
antlr4,File,2,100.0
antlr4,File,2,93.33
antlr4,File,2,89.29
antlr4,File,2,96.43
antlr4,File,2,62.12
antlr4,File,2,70.0
antlr4,File,2,46.67
antlr4,File,2,61.11
antlr4,File,2,9.96
antlr4,File,2,6.25
antlr4,File,2,100.0
antlr4,File,2,100.0
antlr4,File,2,66.67
antlr4,File,2,42.86
antlr4,File,2,100.0
antlr4,File,2,83.51
antlr4,File,2,46.56
antlr4,File,2,83.33
antlr4,File,2,100.0
antlr4,File,2,100.0
antlr4,File,2,98.46
antlr4,File,2,31.16
antlr4,File,2,26.09
antlr4,File,2,73.33
antlr4,File,2,66.67
antlr4,File,2,19.93
antlr4,File,2,17.15
antlr4,File,2,70.0
antlr4,File,2,50.0
antlr4,File,2,93.18
antlr4,File,2,93.08
antlr4,File,2,66.67
antlr4,File,2,69.7
antlr4,File,2,65.71
antlr4,File,2,55.71
antlr4,File,2,55.43
antlr4,File,2,66.67
antlr4,File,2,50.0
antlr4,File,2,50.0
antlr4,File,2,47.89
antlr4,File,2,44.44
antlr4,File,2,45.58
antlr4,File,2,56.16
antlr4,File,2,29.82
antlr4,File,2,78.79
antlr4,File,2,100.0
antlr4,File,2,37.96
antlr4,File,2,52.91
antlr4,File,2,40.73
antlr4,File,2,50.0
antlr4,File,2,54.39
antlr4,File,2,100.0
antlr4,File,2,66.67
antlr4,File,2,21.97
antlr4,File,2,75.56
antlr4,File,2,66.67
antlr4,File,2,66.67
antlr4,File,2,50.0
antlr4,File,2,70.0
antlr4,File,2,48.89
antlr4,File,2,65.15
antlr4,File,2,91.81
antlr4,File,2,89.71
antlr4,File,2,100.0
antlr4,File,2,100.0
antlr4,File,2,100.0
antlr4,File,2,100.0
antlr4,File,2,100.0
antlr4,File,2,100.0
antlr4,File,2,66.67
antlr4,File,2,66.67
antlr4,File,2,33.33
antlr4,File,2,76.67
antlr4,File,2,63.64
antlr4,File,2,47.5
antlr4,File,2,22.86
antlr4,File,2,69.32
antlr4,File,2,100.0
antlr4,File,2,46.43
antlr4,SmartCommit,2,100.0
antlr4,SmartCommit,2,80.0
antlr4,SmartCommit,2,45.11
antlr4,SmartCommit,2,64.53
antlr4,SmartCommit,2,64.82
antlr4,SmartCommit,2,54.77
antlr4,SmartCommit,2,60.45
antlr4,SmartCommit,2,54.81
antlr4,SmartCommit,2,49.21
antlr4,SmartCommit,2,69.2
antlr4,SmartCommit,2,68.11
antlr4,SmartCommit,2,90.16
antlr4,SmartCommit,2,74.08
antlr4,SmartCommit,2,47.43
antlr4,SmartCommit,2,51.41
antlr4,SmartCommit,2,80.87
antlr4,SmartCommit,2,88.58
antlr4,SmartCommit,2,39.72
antlr4,SmartCommit,2,60.79
antlr4,SmartCommit,2,65.66
antlr4,SmartCommit,2,48.96
antlr4,SmartCommit,2,100.0
antlr4,SmartCommit,2,66.67
antlr4,SmartCommit,2,89.29
antlr4,SmartCommit,2,96.43
antlr4,SmartCommit,2,98.48
antlr4,SmartCommit,2,100.0
antlr4,SmartCommit,2,73.33
antlr4,SmartCommit,2,77.78
antlr4,SmartCommit,2,92.02
antlr4,SmartCommit,2,91.86
antlr4,SmartCommit,2,100.0
antlr4,SmartCommit,2,100.0
antlr4,SmartCommit,2,100.0
antlr4,SmartCommit,2,47.62
antlr4,SmartCommit,2,100.0
antlr4,SmartCommit,2,49.31
antlr4,SmartCommit,2,100.0
antlr4,SmartCommit,2,100.0
antlr4,SmartCommit,2,100.0
antlr4,SmartCommit,2,100.0
antlr4,SmartCommit,2,98.46
antlr4,SmartCommit,2,42.03
antlr4,SmartCommit,2,39.92
antlr4,SmartCommit,2,40.0
antlr4,SmartCommit,2,50.0
antlr4,SmartCommit,2,44.15
antlr4,SmartCommit,2,42.25
antlr4,SmartCommit,2,80.0
antlr4,SmartCommit,2,66.67
antlr4,SmartCommit,2,94.85
antlr4,SmartCommit,2,94.77
antlr4,SmartCommit,2,33.33
antlr4,SmartCommit,2,69.7
antlr4,SmartCommit,2,65.71
antlr4,SmartCommit,2,59.52
antlr4,SmartCommit,2,53.62
antlr4,SmartCommit,2,65.15
antlr4,SmartCommit,2,50.0
antlr4,SmartCommit,2,33.33
antlr4,SmartCommit,2,60.53
antlr4,SmartCommit,2,56.14
antlr4,SmartCommit,2,97.12
antlr4,SmartCommit,2,52.63
antlr4,SmartCommit,2,48.54
antlr4,SmartCommit,2,88.59
antlr4,SmartCommit,2,100.0
antlr4,SmartCommit,2,59.84
antlr4,SmartCommit,2,60.79
antlr4,SmartCommit,2,42.56
antlr4,SmartCommit,2,60.0
antlr4,SmartCommit,2,82.46
antlr4,SmartCommit,2,100.0
antlr4,SmartCommit,2,100.0
antlr4,SmartCommit,2,78.79
antlr4,SmartCommit,2,82.22
antlr4,SmartCommit,2,66.67
antlr4,SmartCommit,2,66.67
antlr4,SmartCommit,2,66.67
antlr4,SmartCommit,2,80.0
antlr4,SmartCommit,2,100.0
antlr4,SmartCommit,2,100.0
antlr4,SmartCommit,2,78.95
antlr4,SmartCommit,2,73.53
antlr4,SmartCommit,2,100.0
antlr4,SmartCommit,2,100.0
antlr4,SmartCommit,2,100.0
antlr4,SmartCommit,2,53.85
antlr4,SmartCommit,2,55.56
antlr4,SmartCommit,2,100.0
antlr4,SmartCommit,2,66.67
antlr4,SmartCommit,2,66.67
antlr4,SmartCommit,2,100.0
antlr4,SmartCommit,2,80.83
antlr4,SmartCommit,2,65.15
antlr4,SmartCommit,2,100.0
antlr4,SmartCommit,2,49.05
antlr4,SmartCommit,2,70.83
antlr4,SmartCommit,2,100.0
antlr4,SmartCommit,2,46.43
antlr4,All,3,37.88
antlr4,All,3,40.5
antlr4,All,3,51.23
antlr4,All,3,70.44
antlr4,All,3,84.44
antlr4,All,3,48.92
antlr4,All,3,77.05
antlr4,All,3,46.15
antlr4,All,3,70.34
antlr4,All,3,70.34
antlr4,All,3,72.84
antlr4,All,3,47.09
antlr4,All,3,51.4
antlr4,All,3,55.67
antlr4,All,3,42.89
antlr4,All,3,67.85
antlr4,All,3,63.42
antlr4,All,3,46.01
antlr4,All,3,41.37
antlr4,All,3,36.6
antlr4,All,3,33.33
antlr4,All,3,46.28
antlr4,All,3,86.49
antlr4,All,3,61.24
antlr4,All,3,88.36
antlr4,All,3,80.41
antlr4,All,3,33.33
antlr4,All,3,40.58
antlr4,All,3,37.23
antlr4,All,3,46.52
antlr4,All,3,36.11
antlr4,All,3,36.67
antlr4,All,3,39.87
antlr4,All,3,39.39
antlr4,All,3,33.33
antlr4,All,3,47.62
antlr4,All,3,35.56
antlr4,All,3,83.21
antlr4,All,3,88.22
antlr4,All,3,93.77
antlr4,All,3,16.67
antlr4,All,3,16.67
antlr4,All,3,16.67
antlr4,All,3,44.44
antlr4,All,3,53.57
antlr4,All,3,71.57
antlr4,All,3,44.05
antlr4,All,3,41.35
antlr4,All,3,54.23
antlr4,All,3,28.21
antlr4,All,3,28.89
antlr4,All,3,28.57
antlr4,All,3,20.0
antlr4,All,3,41.26
antlr4,All,3,41.26
antlr4,All,3,56.7
antlr4,All,3,60.31
antlr4,All,3,28.57
antlr4,All,3,30.0
antlr4,All,3,0.0
antlr4,All,3,16.67
antlr4,All,3,20.0
antlr4,All,3,87.52
antlr4,All,3,90.39
antlr4,All,3,93.39
antlr4,All,3,23.81
antlr4,All,3,26.67
antlr4,All,3,30.0
antlr4,All,3,94.84
antlr4,All,3,94.84
antlr4,All,3,94.84
antlr4,All,3,16.67
antlr4,All,3,58.97
antlr4,All,3,41.18
antlr4,All,3,37.63
antlr4,All,3,38.92
antlr4,All,3,40.74
antlr4,All,3,43.59
antlr4,All,3,40.0
antlr4,All,3,30.0
antlr4,All,3,43.84
antlr4,All,3,61.42
antlr4,All,3,49.11
antlr4,All,3,51.04
antlr4,All,3,51.15
antlr4,All,3,43.33
antlr4,All,3,32.06
antlr4,All,3,60.28
antlr4,All,3,49.09
antlr4,All,3,58.24
antlr4,All,3,90.59
antlr4,All,3,40.0
antlr4,All,3,58.42
antlr4,All,3,76.92
antlr4,All,3,89.38
antlr4,All,3,94.41
antlr4,All,3,68.18
antlr4,All,3,62.22
antlr4,All,3,52.73
antlr4,All,3,45.45
antlr4,File,3,66.67
antlr4,File,3,97.98
antlr4,File,3,97.04
antlr4,File,3,37.46
antlr4,File,3,29.25
antlr4,File,3,60.12
antlr4,File,3,49.49
antlr4,File,3,96.7
antlr4,File,3,36.55
antlr4,File,3,36.55
antlr4,File,3,33.88
antlr4,File,3,58.97
antlr4,File,3,63.44
antlr4,File,3,63.55
antlr4,File,3,62.3
antlr4,File,3,37.16
antlr4,File,3,42.82
antlr4,File,3,66.3
antlr4,File,3,76.87
antlr4,File,3,75.19
antlr4,File,3,79.67
antlr4,File,3,69.59
antlr4,File,3,31.56
antlr4,File,3,47.48
antlr4,File,3,22.54
antlr4,File,3,26.95
antlr4,File,3,95.24
antlr4,File,3,53.62
antlr4,File,3,65.85
antlr4,File,3,62.57
antlr4,File,3,91.67
antlr4,File,3,85.83
antlr4,File,3,83.66
antlr4,File,3,74.89
antlr4,File,3,78.67
antlr4,File,3,57.14
antlr4,File,3,68.89
antlr4,File,3,18.24
antlr4,File,3,13.61
antlr4,File,3,8.22
antlr4,File,3,100.0
antlr4,File,3,83.33
antlr4,File,3,83.33
antlr4,File,3,63.89
antlr4,File,3,57.14
antlr4,File,3,98.79
antlr4,File,3,85.34
antlr4,File,3,77.31
antlr4,File,3,58.06
antlr4,File,3,92.31
antlr4,File,3,86.67
antlr4,File,3,100.0
antlr4,File,3,100.0
antlr4,File,3,69.76
antlr4,File,3,81.64
antlr4,File,3,45.3
antlr4,File,3,41.85
antlr4,File,3,80.95
antlr4,File,3,80.0
antlr4,File,3,100.0
antlr4,File,3,100.0
antlr4,File,3,100.0
antlr4,File,3,25.07
antlr4,File,3,22.56
antlr4,File,3,19.93
antlr4,File,3,85.71
antlr4,File,3,80.0
antlr4,File,3,70.0
antlr4,File,3,93.3
antlr4,File,3,93.3
antlr4,File,3,93.32
antlr4,File,3,83.33
antlr4,File,3,74.36
antlr4,File,3,63.24
antlr4,File,3,73.98
antlr4,File,3,66.75
antlr4,File,3,66.14
antlr4,File,3,71.79
antlr4,File,3,60.0
antlr4,File,3,60.0
antlr4,File,3,64.13
antlr4,File,3,61.17
antlr4,File,3,59.62
antlr4,File,3,57.9
antlr4,File,3,56.18
antlr4,File,3,80.95
antlr4,File,3,89.88
antlr4,File,3,52.86
antlr4,File,3,61.56
antlr4,File,3,53.57
antlr4,File,3,43.44
antlr4,File,3,60.0
antlr4,File,3,58.95
antlr4,File,3,30.44
antlr4,File,3,19.25
antlr4,File,3,15.65
antlr4,File,3,100.0
antlr4,File,3,53.33
antlr4,File,3,61.82
antlr4,File,3,68.18
antlr4,SmartCommit,3,74.24
antlr4,SmartCommit,3,86.89
antlr4,SmartCommit,3,77.83
antlr4,SmartCommit,3,45.42
antlr4,SmartCommit,3,38.1
antlr4,SmartCommit,3,58.58
antlr4,SmartCommit,3,63.33
antlr4,SmartCommit,3,86.81
antlr4,SmartCommit,3,88.51
antlr4,SmartCommit,3,88.51
antlr4,SmartCommit,3,45.43
antlr4,SmartCommit,3,63.5
antlr4,SmartCommit,3,66.67
antlr4,SmartCommit,3,74.38
antlr4,SmartCommit,3,60.27
antlr4,SmartCommit,3,67.34
antlr4,SmartCommit,3,64.67
antlr4,SmartCommit,3,46.38
antlr4,SmartCommit,3,51.08
antlr4,SmartCommit,3,78.55
antlr4,SmartCommit,3,88.63
antlr4,SmartCommit,3,87.45
antlr4,SmartCommit,3,42.41
antlr4,SmartCommit,3,66.97
antlr4,SmartCommit,3,52.51
antlr4,SmartCommit,3,64.63
antlr4,SmartCommit,3,52.38
antlr4,SmartCommit,3,67.03
antlr4,SmartCommit,3,64.0
antlr4,SmartCommit,3,58.11
antlr4,SmartCommit,3,77.78
antlr4,SmartCommit,3,92.5
antlr4,SmartCommit,3,99.35
antlr4,SmartCommit,3,95.24
antlr4,SmartCommit,3,100.0
antlr4,SmartCommit,3,76.19
antlr4,SmartCommit,3,82.22
antlr4,SmartCommit,3,85.62
antlr4,SmartCommit,3,92.34
antlr4,SmartCommit,3,92.03
antlr4,SmartCommit,3,100.0
antlr4,SmartCommit,3,100.0
antlr4,SmartCommit,3,100.0
antlr4,SmartCommit,3,58.33
antlr4,SmartCommit,3,50.0
antlr4,SmartCommit,3,98.79
antlr4,SmartCommit,3,54.93
antlr4,SmartCommit,3,79.19
antlr4,SmartCommit,3,100.0
antlr4,SmartCommit,3,79.49
antlr4,SmartCommit,3,64.44
antlr4,SmartCommit,3,71.43
antlr4,SmartCommit,3,80.0
antlr4,SmartCommit,3,60.0
antlr4,SmartCommit,3,84.54
antlr4,SmartCommit,3,45.3
antlr4,SmartCommit,3,43.38
antlr4,SmartCommit,3,47.62
antlr4,SmartCommit,3,70.0
antlr4,SmartCommit,3,66.67
antlr4,SmartCommit,3,83.33
antlr4,SmartCommit,3,60.0
antlr4,SmartCommit,3,47.47
antlr4,SmartCommit,3,45.85
antlr4,SmartCommit,3,44.1
antlr4,SmartCommit,3,71.43
antlr4,SmartCommit,3,73.33
antlr4,SmartCommit,3,80.0
antlr4,SmartCommit,3,94.94
antlr4,SmartCommit,3,94.92
antlr4,SmartCommit,3,94.89
antlr4,SmartCommit,3,66.67
antlr4,SmartCommit,3,61.54
antlr4,SmartCommit,3,63.24
antlr4,SmartCommit,3,73.12
antlr4,SmartCommit,3,59.61
antlr4,SmartCommit,3,61.11
antlr4,SmartCommit,3,64.1
antlr4,SmartCommit,3,60.0
antlr4,SmartCommit,3,40.0
antlr4,SmartCommit,3,72.83
antlr4,SmartCommit,3,95.73
antlr4,SmartCommit,3,56.36
antlr4,SmartCommit,3,50.56
antlr4,SmartCommit,3,59.61
antlr4,SmartCommit,3,86.03
antlr4,SmartCommit,3,94.56
antlr4,SmartCommit,3,68.71
antlr4,SmartCommit,3,67.99
antlr4,SmartCommit,3,61.34
antlr4,SmartCommit,3,45.18
antlr4,SmartCommit,3,66.67
antlr4,SmartCommit,3,84.21
antlr4,SmartCommit,3,45.47
antlr4,SmartCommit,3,36.3
antlr4,SmartCommit,3,34.49
antlr4,SmartCommit,3,68.18
antlr4,SmartCommit,3,71.11
antlr4,SmartCommit,3,78.18
antlr4,SmartCommit,3,81.82